,Pred,actual,fold_idx
ENSG00000003987,-0.66441363,-1.2076453,7
ENSG00000003989,-0.92133665,-1.124704,7
ENSG00000008513,0.4389542,0.99235874,7
ENSG00000008853,0.82951045,0.6989729,7
ENSG00000012232,-0.09862745,0.2550341,7
ENSG00000014164,0.6442577,-0.10897718,7
ENSG00000015592,-0.9286873,-0.14753535,7
ENSG00000017797,0.39925042,1.1410158,7
ENSG00000019549,0.6021449,-1.2076453,7
ENSG00000020181,-0.80636185,-1.1350888,7
ENSG00000022567,-0.28531793,-0.34926286,7
ENSG00000023287,0.55865896,0.67922175,7
ENSG00000029534,-0.11812788,-0.53467876,7
ENSG00000034239,-0.8137346,-1.2076453,7
ENSG00000034677,1.0595781,1.6546792,7
ENSG00000035681,0.4940376,0.7563382,7
ENSG00000036448,0.0646353,-0.91645116,7
ENSG00000036565,-0.73486346,-1.2076453,7
ENSG00000038945,-1.0151159,-0.8845042,7
ENSG00000040341,0.7238564,0.9311369,7
ENSG00000041353,-0.79347646,-1.2076453,7
ENSG00000042832,-0.87016934,-1.1678911,7
ENSG00000042980,-0.88933665,-1.1386087,7
ENSG00000046604,0.82413954,1.3169448,7
ENSG00000046889,-0.5684796,-0.99374497,7
ENSG00000047249,1.0883194,0.39985737,7
ENSG00000048392,1.1721882,1.3042376,7
ENSG00000049759,0.8167235,0.3047452,7
ENSG00000053747,-0.15344892,-0.85304475,7
ENSG00000057149,-0.98521954,-1.2076453,7
ENSG00000060069,0.31544134,0.48475352,7
ENSG00000061337,-0.8224125,-1.1350888,7
ENSG00000064313,0.7098597,1.042754,7
ENSG00000066777,0.4750859,0.79932797,7
ENSG00000066827,0.70882446,0.4464825,7
ENSG00000066855,0.60155195,0.38031057,7
ENSG00000066926,-0.9728702,0.7056939,7
ENSG00000067167,0.96177256,1.5913649,7
ENSG00000067900,0.64990693,1.1144662,7
ENSG00000069206,-0.9022994,-1.2076453,7
ENSG00000070501,1.1106917,0.7513818,7
ENSG00000070718,0.7303094,1.2020761,7
ENSG00000070756,1.1273502,1.936373,7
ENSG00000071894,0.417592,0.45786795,7
ENSG00000071991,-1.018313,-1.2076453,7
ENSG00000074657,-0.84995705,-0.3930315,7
ENSG00000074695,0.62860394,1.6471882,7
ENSG00000075336,0.688266,1.3431646,7
ENSG00000075643,-0.11962356,-0.6431987,7
ENSG00000076554,1.1800193,1.1682097,7
ENSG00000076641,0.9027768,0.62826884,7
ENSG00000077782,0.041253638,0.36837506,7
ENSG00000078043,0.79764205,0.80243766,7
ENSG00000078142,0.9472982,1.1920879,7
ENSG00000078579,-0.89694047,-1.2076453,7
ENSG00000078668,0.81320375,1.9028187,7
ENSG00000078674,0.84344786,1.1910149,7
ENSG00000079101,-0.19911529,-1.0702916,7
ENSG00000079102,-0.76461023,-1.2076453,7
ENSG00000079112,-0.46971533,-0.53467876,7
ENSG00000079134,0.6940655,1.3499074,7
ENSG00000079459,0.758434,1.7740761,7
ENSG00000080986,0.9291516,1.3726069,7
ENSG00000081138,-1.1010274,-1.1794246,7
ENSG00000081913,-0.88217944,-0.5793642,7
ENSG00000081923,-0.63177,-0.5003989,7
ENSG00000082212,0.39548543,1.5369337,7
ENSG00000082397,-1.0396286,-1.1046792,7
ENSG00000082556,-1.050963,-1.2076453,7
ENSG00000083168,-0.3002121,0.5145344,7
ENSG00000083307,-0.358236,-1.1993855,7
ENSG00000085415,0.6459988,1.3977623,7
ENSG00000085719,0.70985556,1.5057687,7
ENSG00000085788,-0.67015034,0.8365639,7
ENSG00000088756,-1.1341463,-1.2076453,7
ENSG00000091157,0.81187874,0.33307788,7
ENSG00000091164,1.0478317,0.9628471,7
ENSG00000091656,-0.22785304,-1.121299,7
ENSG00000091879,0.27042535,-1.1993855,7
ENSG00000092964,0.563483,1.0440581,7
ENSG00000101489,-0.85442835,-1.1678911,7
ENSG00000101493,-0.16904789,0.40223753,7
ENSG00000101542,-0.9062151,-1.2076453,7
ENSG00000101544,0.21990566,0.5985521,7
ENSG00000101546,0.7578267,0.52677673,7
ENSG00000101557,-0.11378428,1.0889843,7
ENSG00000101558,-0.17594056,1.3404849,7
ENSG00000101574,0.85603017,0.73898196,7
ENSG00000101577,0.76780933,1.0118245,7
ENSG00000101596,0.99207824,1.3509574,7
ENSG00000101605,0.4632654,-0.6996656,7
ENSG00000101608,1.2437843,2.2623868,7
ENSG00000101624,0.7655887,0.7855664,7
ENSG00000101638,-0.14733498,-1.156668,7
ENSG00000101639,0.7927075,1.14496,7
ENSG00000101654,0.92078626,1.1642538,7
ENSG00000101665,0.6851884,0.83832884,7
ENSG00000101670,-0.63848037,-1.128137,7
ENSG00000101680,-0.8894919,-0.3924403,7
ENSG00000101695,0.49101713,-0.25100094,7
ENSG00000101745,0.8224526,0.5954661,7
ENSG00000101746,-0.2674198,0.088408016,7
ENSG00000101751,0.9235411,0.7485941,7
ENSG00000101752,0.47307128,1.0648342,7
ENSG00000101773,0.7744647,1.3155792,7
ENSG00000101782,1.0205015,1.4062015,7
ENSG00000104205,-0.1524475,0.040630575,7
ENSG00000104213,-0.8155709,-0.9185315,7
ENSG00000104218,0.610573,0.511569,7
ENSG00000104219,-0.5682132,0.36242184,7
ENSG00000104221,0.6878033,0.570214,7
ENSG00000104228,0.8671626,0.7012539,7
ENSG00000104231,0.9888911,1.0515379,7
ENSG00000104237,-1.022298,-1.2076453,7
ENSG00000104267,-0.65755737,-0.95786875,7
ENSG00000104290,-0.0021896628,0.5754114,7
ENSG00000104299,0.857647,0.68746555,7
ENSG00000104312,1.145856,1.2594355,7
ENSG00000104313,-0.9266191,-0.80431336,7
ENSG00000104320,1.0007688,1.5692278,7
ENSG00000104321,0.5897947,-1.1872947,7
ENSG00000104324,-0.0199796,0.33720765,7
ENSG00000104325,0.9627611,1.1353241,7
ENSG00000104327,-0.66673666,-1.1386087,7
ENSG00000104331,-0.2578927,1.1068587,7
ENSG00000104332,-1.0457509,-0.36445165,7
ENSG00000104341,0.26090363,-0.873128,7
ENSG00000104343,1.0883509,0.5482561,7
ENSG00000104356,0.39051688,0.9271105,7
ENSG00000104361,-0.29643276,0.75418884,7
ENSG00000104365,0.87574744,0.85988563,7
ENSG00000104368,-0.12572357,-1.1872947,7
ENSG00000104369,-0.80841976,-1.2076453,7
ENSG00000104371,-0.732691,-1.2076453,7
ENSG00000104375,0.6215275,0.09872557,7
ENSG00000104381,0.5753605,0.79413885,7
ENSG00000104388,1.2565094,1.0455836,7
ENSG00000104408,0.9938064,1.9129391,7
ENSG00000104412,0.9173289,0.9925509,7
ENSG00000104413,-0.8064614,-1.0673016,7
ENSG00000104415,-0.8873898,-1.0702916,7
ENSG00000104419,-0.8156467,0.34755713,7
ENSG00000104427,0.8537849,0.45832926,7
ENSG00000104432,1.0836838,0.7011251,7
ENSG00000104435,-0.18904305,-1.2076453,7
ENSG00000104442,0.6292396,1.2980542,7
ENSG00000104447,-0.46100315,-1.1953162,7
ENSG00000104450,0.8179204,0.7380006,7
ENSG00000104472,-0.2796717,0.8913555,7
ENSG00000104490,0.8558044,0.9635801,7
ENSG00000104497,0.760683,0.10468816,7
ENSG00000104499,-0.9246531,-1.2076453,7
ENSG00000104517,0.7967488,1.4467741,7
ENSG00000104518,-0.12887721,0.5061914,7
ENSG00000104522,-0.6262242,0.83940893,7
ENSG00000104524,0.43841538,-0.18676437,7
ENSG00000104529,0.15359722,1.1546389,7
ENSG00000104537,-0.49781302,-1.2076453,7
ENSG00000104549,0.51895267,1.3868657,7
ENSG00000104611,-0.85827327,-1.2076453,7
ENSG00000104613,0.34555182,0.9263856,7
ENSG00000104626,1.0956932,0.8437624,7
ENSG00000104635,0.39274782,0.5744818,7
ENSG00000104643,1.0259367,0.6434306,7
ENSG00000104660,1.0411626,0.94987893,7
ENSG00000104671,1.1570443,1.3037318,7
ENSG00000104679,-0.55240375,0.658964,7
ENSG00000104687,0.85796744,1.257291,7
ENSG00000104689,0.56637675,0.93690944,7
ENSG00000104695,0.73475885,0.9458631,7
ENSG00000104714,0.43894026,0.34231302,7
ENSG00000104722,-1.0175714,-1.2076453,7
ENSG00000104723,-0.7994917,-0.22213964,7
ENSG00000104728,-0.8627274,-1.1493502,7
ENSG00000104738,1.0714422,1.657602,7
ENSG00000104755,-0.025457859,-1.0064238,7
ENSG00000104756,0.8431419,0.9395843,7
ENSG00000104760,-0.68836516,-1.1953162,7
ENSG00000104763,0.84023523,1.389627,7
ENSG00000104765,1.0190583,1.4788798,7
ENSG00000105339,0.90914434,0.8477992,7
ENSG00000118271,-0.05933799,-1.2076453,7
ENSG00000118276,0.9255324,1.1834247,7
ENSG00000118680,1.2647337,2.0629406,7
ENSG00000119537,0.76122963,0.5619648,7
ENSG00000119541,0.9372551,1.2252175,7
ENSG00000119547,-1.0342978,-1.203495,7
ENSG00000120526,0.9156924,1.0468225,7
ENSG00000120533,1.3575829,1.0014222,7
ENSG00000120875,0.25460288,1.2447233,7
ENSG00000120885,-0.8572908,-1.1755446,7
ENSG00000120889,0.88479453,1.6635705,7
ENSG00000120896,0.3481305,-1.1493502,7
ENSG00000120899,0.8705235,1.2051009,7
ENSG00000120903,-0.84810704,-1.1953162,7
ENSG00000120907,-0.7623504,-1.2076453,7
ENSG00000120910,1.0773655,1.1369582,7
ENSG00000120913,-0.44736034,-0.6431987,7
ENSG00000120915,0.6100498,0.45756012,7
ENSG00000120925,1.0985411,0.6511002,7
ENSG00000120963,-0.5459574,0.7850401,7
ENSG00000120992,1.1225817,1.5187804,7
ENSG00000121005,-0.109236,-1.2076453,7
ENSG00000121022,0.67203444,0.97281367,7
ENSG00000121039,-0.56907135,-0.076444216,7
ENSG00000122490,0.7652858,0.5251432,7
ENSG00000123119,-0.91621244,-1.1993855,7
ENSG00000123124,0.792954,0.7871413,7
ENSG00000123908,0.31541952,0.42348707,7
ENSG00000126233,-0.52028763,-1.2076453,7
ENSG00000128789,0.827812,1.3095628,7
ENSG00000128791,0.8598576,1.0662678,7
ENSG00000129292,0.77351564,0.47527018,7
ENSG00000129295,0.7076702,-1.1678911,7
ENSG00000129422,-0.5270905,-0.6160775,7
ENSG00000129691,0.8115741,0.8962248,7
ENSG00000129696,0.57562333,0.53209025,7
ENSG00000130193,-0.26452556,0.07282422,7
ENSG00000130227,0.7936371,1.3058021,7
ENSG00000130856,0.41811612,0.37780154,7
ENSG00000131196,-0.3126481,-0.34607884,7
ENSG00000131203,-0.49871853,-1.0824708,7
ENSG00000131773,-0.75745773,-0.22727694,7
ENSG00000131931,0.8413432,0.74443537,7
ENSG00000132199,0.5623937,0.67233264,7
ENSG00000132205,-0.718188,-0.12236457,7
ENSG00000132294,0.89807683,1.2489586,7
ENSG00000132297,-0.9423358,-1.2076453,7
ENSG00000132541,0.7983367,0.98776287,7
ENSG00000132549,0.69361013,0.6476005,7
ENSG00000132554,0.36028692,-1.0793924,7
ENSG00000132561,-0.94389707,-1.2076453,7
ENSG00000132872,-0.8261654,-1.2076453,7
ENSG00000132874,-0.93380445,-1.1315984,7
ENSG00000133313,0.95361596,1.3027384,7
ENSG00000133731,1.0744478,1.232186,7
ENSG00000133739,0.561038,0.5070811,7
ENSG00000133740,0.8950237,0.63842106,7
ENSG00000133742,-0.96001977,-1.1421585,7
ENSG00000133863,-0.90408444,-1.0469512,7
ENSG00000133872,1.1057782,1.6416998,7
ENSG00000133874,0.50912434,0.6065997,7
ENSG00000133878,-0.9519993,-1.1833411,7
ENSG00000134013,0.35839865,-1.0302649,7
ENSG00000134014,1.0027591,0.80206704,7
ENSG00000134020,-0.95982176,-1.0733032,7
ENSG00000134028,-0.43458143,-0.8903109,7
ENSG00000134030,-0.3886824,-0.21243462,7
ENSG00000134042,-0.27796635,-1.0302649,7
ENSG00000134046,0.88786846,1.4619908,7
ENSG00000134049,1.1437145,1.4491599,7
ENSG00000134265,1.0252454,1.1695665,7
ENSG00000134278,-0.10256718,-1.0673016,7
ENSG00000134438,-1.0797918,-1.2076453,7
ENSG00000134440,0.7986749,1.7569655,7
ENSG00000134443,-0.97085243,-1.2076453,7
ENSG00000134444,0.7501349,0.7357544,7
ENSG00000134489,-1.0538288,-1.2076453,7
ENSG00000134490,1.0263611,0.61396617,7
ENSG00000134504,-1.0302068,-0.04318601,7
ENSG00000134508,0.96199083,0.80882055,7
ENSG00000134755,-0.95359415,-1.1794246,7
ENSG00000134757,0.0033339406,-1.1678911,7
ENSG00000134758,1.1238359,0.98611844,7
ENSG00000134759,0.8951219,1.0856845,7
ENSG00000134760,-0.7943153,-1.1421585,7
ENSG00000134762,-0.94287413,-1.1872947,7
ENSG00000134765,-0.9154507,-1.1953162,7
ENSG00000134769,-0.8266804,-0.08540248,7
ENSG00000134775,0.15015471,0.91720366,7
ENSG00000134779,0.77044445,1.5075053,7
ENSG00000136573,0.99425805,1.2119569,7
ENSG00000136574,-1.0279497,-1.2076453,7
ENSG00000136960,-0.008949608,1.0571891,7
ENSG00000136982,0.592482,1.0095147,7
ENSG00000136986,1.2407285,0.9682677,7
ENSG00000136997,0.122932926,1.274972,7
ENSG00000136999,-1.0290525,0.26833132,7
ENSG00000137558,-0.93960375,-1.1145715,7
ENSG00000137561,-0.77798444,-1.2076453,7
ENSG00000137563,0.4789689,1.0714593,7
ENSG00000137571,0.7630926,0.90671504,7
ENSG00000137573,0.6195709,-0.75783736,7
ENSG00000137574,0.9047509,1.0558522,7
ENSG00000137575,0.878788,1.2560443,7
ENSG00000140396,-0.08486468,0.9832468,7
ENSG00000141380,0.77463377,1.5828558,7
ENSG00000141384,0.6170433,0.87906784,7
ENSG00000141385,0.54750544,1.359556,7
ENSG00000141391,-0.3613095,0.26000854,7
ENSG00000141401,-0.8712106,-0.9912548,7
ENSG00000141404,0.5741378,-1.1493502,7
ENSG00000141424,0.5852098,1.3883147,7
ENSG00000141425,0.9038262,1.1963398,7
ENSG00000141428,0.8223852,0.9967989,7
ENSG00000141429,0.9418115,1.3058927,7
ENSG00000141431,-0.7855439,-1.2076453,7
ENSG00000141433,0.1855928,-1.2076453,7
ENSG00000141434,-0.8064348,-1.0555515,7
ENSG00000141437,-0.49447802,-0.67568755,7
ENSG00000141441,-1.0781059,-1.0613853,7
ENSG00000141446,0.69723946,0.88818717,7
ENSG00000141447,0.5028824,-1.2076453,7
ENSG00000141448,-0.9670269,-1.1993855,7
ENSG00000141449,-0.9853704,-1.121299,7
ENSG00000141452,1.0770596,1.1588011,7
ENSG00000141458,0.5743786,1.053885,7
ENSG00000141469,-0.63597363,-0.69232637,7
ENSG00000141622,-0.7952704,-1.1794246,7
ENSG00000141627,0.8358831,1.2513071,7
ENSG00000141639,-1.0204314,-1.0584582,7
ENSG00000141642,-0.004383058,0.2226581,7
ENSG00000141644,0.8202397,1.2762067,7
ENSG00000141646,0.85257924,0.8314123,7
ENSG00000141655,0.60035044,0.120010965,7
ENSG00000141664,0.31005242,0.7733982,7
ENSG00000141665,0.45479837,-0.6608099,7
ENSG00000141668,-1.0404518,0.7640149,7
ENSG00000141682,1.3302878,1.9129132,7
ENSG00000141759,0.8978759,1.4715309,7
ENSG00000145002,-0.5327402,-1.0441233,7
ENSG00000147316,0.8732038,0.9192192,7
ENSG00000147324,-0.11993445,0.0799281,7
ENSG00000147364,0.06667287,0.60703033,7
ENSG00000147408,-0.3607854,-0.8355902,7
ENSG00000147416,0.802151,1.2035075,7
ENSG00000147419,1.0820788,1.1886736,7
ENSG00000147421,0.9675216,0.87557834,7
ENSG00000147432,-0.039803427,-1.2076453,7
ENSG00000147434,-0.6900251,0.8255277,7
ENSG00000147437,-0.98617834,0.43542746,7
ENSG00000147439,0.9597141,0.52755857,7
ENSG00000147443,-0.2967898,0.5693316,7
ENSG00000147454,0.25350633,0.7694443,7
ENSG00000147457,0.9361753,1.0137565,7
ENSG00000147459,-0.22834894,-0.71346575,7
ENSG00000147465,-0.22903594,-0.89619946,7
ENSG00000147471,0.75451493,1.3654039,7
ENSG00000147475,0.8638628,0.69446033,7
ENSG00000147481,-0.3798865,-1.0613853,7
ENSG00000147485,-0.67408556,-0.6899084,7
ENSG00000147488,0.28770328,-1.2076453,7
ENSG00000147509,0.98286724,-0.8355902,7
ENSG00000147526,1.1429113,1.5211254,7
ENSG00000147533,1.1155261,1.3826809,7
ENSG00000147535,0.5240771,0.9427957,7
ENSG00000147536,0.87218374,0.85741353,7
ENSG00000147548,0.6515146,0.9915891,7
ENSG00000147570,-0.23649359,-0.8845042,7
ENSG00000147571,-0.8772158,-1.2076453,7
ENSG00000147573,0.4579169,-0.8584268,7
ENSG00000147576,0.7559524,0.18445587,7
ENSG00000147588,-1.0348582,-1.2076453,7
ENSG00000147592,0.9925086,0.7404302,7
ENSG00000147596,-0.578492,-1.1872947,7
ENSG00000147601,0.9637762,0.46662214,7
ENSG00000147606,-0.27059826,-0.2856516,7
ENSG00000147613,-0.57289964,-1.0329999,7
ENSG00000147614,-0.8793046,-1.203495,7
ENSG00000147642,0.23143472,0.019610139,7
ENSG00000147647,-0.5212951,-0.71346575,7
ENSG00000147649,1.1714311,1.4399139,7
ENSG00000147650,0.8912621,0.6331485,7
ENSG00000147654,0.7851158,0.79072404,7
ENSG00000147655,-0.018614456,-1.2076453,7
ENSG00000147669,1.1230742,1.5863513,7
ENSG00000147677,1.0659894,1.5765662,7
ENSG00000147679,0.947545,0.6233314,7
ENSG00000147684,1.0350806,1.2948501,7
ENSG00000147687,1.2416077,0.7304657,7
ENSG00000147689,-0.78822774,-1.1912862,7
ENSG00000147697,-0.8643547,-1.1717004,7
ENSG00000147724,-1.0051601,-0.45271933,7
ENSG00000147789,-0.48216012,0.18681991,7
ENSG00000147799,-0.8925308,-1.1046792,7
ENSG00000147804,-0.098454565,-0.6232076,7
ENSG00000147813,-0.40357083,0.24758676,7
ENSG00000150477,0.647308,0.15578456,7
ENSG00000150636,0.74766165,-0.49963424,7
ENSG00000150637,0.96482986,1.2771249,7
ENSG00000150656,-0.3934988,-1.1641164,7
ENSG00000152214,-0.81127614,-1.2076453,7
ENSG00000152217,0.29240006,0.77998894,7
ENSG00000152223,0.71032375,0.8303113,7
ENSG00000152229,0.40686455,-0.45271933,7
ENSG00000152234,0.9125009,2.2983394,7
ENSG00000152240,0.8711387,1.5373676,7
ENSG00000152242,0.69427687,1.04656,7
ENSG00000153310,0.21717332,1.3345658,7
ENSG00000153317,0.41016224,0.37008762,7
ENSG00000153339,0.51957697,1.198365,7
ENSG00000153391,1.0637794,0.93873507,7
ENSG00000154040,0.40682825,-0.8638792,7
ENSG00000154059,0.53798306,-1.0824708,7
ENSG00000154065,-0.7267176,0.59657085,7
ENSG00000154080,-1.0598624,-0.6170886,7
ENSG00000154188,-0.68190575,-1.1112479,7
ENSG00000154319,-0.34049973,0.4479031,7
ENSG00000154328,0.36522326,0.38665482,7
ENSG00000154359,0.52377075,0.8209464,7
ENSG00000154582,1.2071127,1.2948812,7
ENSG00000154589,-0.6295937,1.1010072,7
ENSG00000154611,0.7966435,-0.91027176,7
ENSG00000154655,-0.8094576,-0.13747637,7
ENSG00000154832,0.9175791,1.186641,7
ENSG00000154839,0.90199584,1.0640076,7
ENSG00000154845,-0.5779955,0.9068461,7
ENSG00000154856,-1.0067598,-1.2076453,7
ENSG00000154864,0.42232278,1.0372095,7
ENSG00000154889,0.8684715,0.66663563,7
ENSG00000155087,0.3899727,-0.9766181,7
ENSG00000155090,-0.2509003,0.58134663,7
ENSG00000155096,1.0228202,1.3240731,7
ENSG00000155097,0.9945701,0.9187353,7
ENSG00000155099,0.9288677,0.83441734,7
ENSG00000155100,1.0026764,0.8882694,7
ENSG00000155189,1.0616816,1.7164975,7
ENSG00000155792,0.035263557,-0.55949837,7
ENSG00000155897,-1.0585133,-1.2076453,7
ENSG00000155926,-1.0123944,-1.1678911,7
ENSG00000155970,0.16893107,-1.2076453,7
ENSG00000155975,0.793647,0.76071554,7
ENSG00000156006,-1.0776125,-1.2076453,7
ENSG00000156011,-0.19905229,-1.0357531,7
ENSG00000156103,-0.45199844,-0.96948797,7
ENSG00000156162,0.8434885,0.5629825,7
ENSG00000156170,0.7542023,0.43712875,7
ENSG00000156172,0.9035616,0.44219145,7
ENSG00000156466,-0.64576906,-1.2076453,7
ENSG00000156467,1.1333433,1.057518,7
ENSG00000156469,1.0119058,1.3073305,7
ENSG00000156471,1.1166914,1.138586,7
ENSG00000156486,-1.0027765,-1.2076453,7
ENSG00000156509,0.13779171,0.45586303,7
ENSG00000156675,0.54171044,1.0500154,7
ENSG00000156687,-0.51693493,-1.203495,7
ENSG00000156735,0.9647977,0.62005925,7
ENSG00000156787,0.81177974,0.5297658,7
ENSG00000156795,-0.35046265,0.836005,7
ENSG00000156802,0.7770153,1.3092731,7
ENSG00000156804,-0.26675174,-0.85483104,7
ENSG00000156831,0.74466515,0.97540206,7
ENSG00000157110,-1.0611402,-1.1641164,7
ENSG00000157168,-0.9901455,-1.1953162,7
ENSG00000158106,-0.23008244,-0.24556495,7
ENSG00000158201,0.63949686,1.1087534,7
ENSG00000158270,0.29294643,-1.2076453,7
ENSG00000158669,0.89374745,0.85823923,7
ENSG00000158806,-0.61882615,-0.4715707,7
ENSG00000158815,-0.72350746,-1.1755446,7
ENSG00000158856,-0.8076614,-1.003857,7
ENSG00000158863,-0.3582431,0.08503671,7
ENSG00000158941,0.89883286,1.0296221,7
ENSG00000159167,-0.93655235,-0.91027176,7
ENSG00000160882,-1.0572108,-1.2076453,7
ENSG00000160886,-0.93292147,-1.2076453,7
ENSG00000160932,0.37511817,1.4590502,7
ENSG00000160948,0.7723517,0.60068786,7
ENSG00000160949,0.29094324,0.1901949,7
ENSG00000160959,-0.3341615,0.39844045,7
ENSG00000160972,-0.012103334,-0.13079749,7
ENSG00000160973,-0.5909537,-1.124704,7
ENSG00000164683,-0.12758385,-0.090240985,7
ENSG00000164684,-0.91340685,-1.2076453,7
ENSG00000164687,0.92397326,0.9873091,7
ENSG00000164695,-0.47680262,0.0077845487,7
ENSG00000164733,0.68718153,0.59302527,7
ENSG00000164736,-1.0046638,-1.2076453,7
ENSG00000164741,-0.66945773,-0.7606845,7
ENSG00000164743,-0.6444251,-1.2076453,7
ENSG00000164749,0.88251024,0.99749565,7
ENSG00000164751,0.83034855,1.1492487,7
ENSG00000164754,0.80001,1.616615,7
ENSG00000164756,-0.81020075,-1.2076453,7
ENSG00000164758,0.91757363,1.2435203,7
ENSG00000164761,0.7711187,0.28982285,7
ENSG00000164764,-0.70713216,-1.1112479,7
ENSG00000164794,-0.66176105,-1.064333,7
ENSG00000164796,0.3930652,-1.2076453,7
ENSG00000164808,0.62033355,0.79172724,7
ENSG00000164816,-1.1379979,-1.2076453,7
ENSG00000164821,-1.0280535,-1.2076453,7
ENSG00000164822,-1.0898385,-1.2076453,7
ENSG00000164823,-0.34877548,1.1445451,7
ENSG00000164825,-1.1062522,-1.2076453,7
ENSG00000164830,-0.98327225,0.34524575,7
ENSG00000164841,-0.71465415,-0.59443045,7
ENSG00000164871,-1.1245387,-1.2076453,7
ENSG00000164879,-0.6780519,-0.7058819,7
ENSG00000164893,-0.9728281,-1.2076453,7
ENSG00000164919,1.1688026,1.8532375,7
ENSG00000164920,0.08102238,-1.0441233,7
ENSG00000164924,0.99649364,1.8111371,7
ENSG00000164929,-0.8841328,-1.2076453,7
ENSG00000164930,0.2832521,-0.0997967,7
ENSG00000164932,-0.693952,-0.38367116,7
ENSG00000164933,1.1281439,1.1939626,7
ENSG00000164934,1.0730506,1.1833436,7
ENSG00000164935,-0.8478414,-1.1603756,7
ENSG00000164938,0.6679738,1.0302857,7
ENSG00000164941,0.87063724,0.95018625,7
ENSG00000164944,0.6047081,0.9656345,7
ENSG00000164949,0.81829566,0.5610047,7
ENSG00000164951,0.56711787,0.2769663,7
ENSG00000164953,0.8572417,0.15673576,7
ENSG00000164961,0.70097643,0.9551894,7
ENSG00000164983,-0.8843056,0.18252519,7
ENSG00000165046,1.007131,0.014296653,7
ENSG00000165061,-0.93465775,-1.2076453,7
ENSG00000165066,-1.0132838,-1.2076453,7
ENSG00000165071,-0.70740193,-1.2076453,7
ENSG00000165078,-0.7661198,-1.2076453,7
ENSG00000165084,-1.0262779,-1.2076453,7
ENSG00000165102,0.78459173,0.24310519,7
ENSG00000165156,-0.8037424,0.87870336,7
ENSG00000165392,-0.50036305,0.9170502,7
ENSG00000166342,-0.9419308,-1.003857,7
ENSG00000166347,0.111884885,1.5493367,7
ENSG00000166377,0.7523082,0.52165884,7
ENSG00000166396,-0.9166233,-1.1315984,7
ENSG00000166401,1.0028412,1.0037771,7
ENSG00000166479,1.0294298,1.3030022,7
ENSG00000166510,-0.8942719,-1.1079506,7
ENSG00000166562,1.1063697,1.5122608,7
ENSG00000166569,-0.9851769,-1.2076453,7
ENSG00000166573,-1.08525,-1.2076453,7
ENSG00000166603,-1.0905669,-1.2076453,7
ENSG00000166634,-0.9889655,-1.2076453,7
ENSG00000166845,0.7802538,0.42331997,7
ENSG00000166960,-0.9631576,-1.1386087,7
ENSG00000166974,0.9517918,1.0070271,7
ENSG00000167034,-1.0607008,-0.75500953,7
ENSG00000167088,1.1815466,1.6768289,7
ENSG00000167210,-0.9177963,-1.2076453,7
ENSG00000167216,0.89505196,-0.8903109,7
ENSG00000167220,0.75424033,0.70949847,7
ENSG00000167306,0.28238055,-0.0825823,7
ENSG00000167315,0.0933245,1.2904629,7
ENSG00000167632,-0.514323,-0.6619357,7
ENSG00000167653,-1.0775305,-1.1145715,7
ENSG00000167656,-1.0961745,-1.156668,7
ENSG00000167700,-0.5080754,0.07954719,7
ENSG00000167701,-0.74526083,-1.0275475,7
ENSG00000167702,0.14950511,-0.09397927,7
ENSG00000167904,0.9825781,0.6994904,7
ENSG00000167910,-0.8982555,-1.2076453,7
ENSG00000168077,-1.0189466,-1.156668,7
ENSG00000168078,0.9736791,1.5441068,7
ENSG00000168079,-0.96064335,-1.2076453,7
ENSG00000168081,-0.8247203,0.9086251,7
ENSG00000168172,1.0768051,0.8457705,7
ENSG00000168234,0.97091347,0.5063284,7
ENSG00000168300,-0.057569526,0.9199821,7
ENSG00000168333,-1.0870297,-1.0673016,7
ENSG00000168453,-0.6723128,-1.1755446,7
ENSG00000168454,-1.0073508,-1.2076453,7
ENSG00000168461,0.8170684,-0.4875871,7
ENSG00000168476,-0.8260272,0.6592964,7
ENSG00000168481,-0.5067857,-1.2076453,7
ENSG00000168484,-0.8543831,-1.2076453,7
ENSG00000168487,-0.5330323,-0.63678163,7
ENSG00000168490,-0.91019297,-1.0357531,7
ENSG00000168495,-0.22392626,0.94707906,7
ENSG00000168502,-0.74428433,-1.1912862,7
ENSG00000168522,0.6497163,1.0500898,7
ENSG00000168546,-0.95523244,-1.1717004,7
ENSG00000168575,-0.041346155,0.38049582,7
ENSG00000168615,0.8405985,0.97005147,7
ENSG00000168619,-0.7945425,-0.007191762,7
ENSG00000168672,-1.0498314,-1.1993855,7
ENSG00000168675,0.19545133,0.050960552,7
ENSG00000169085,0.8699791,-0.86023635,7
ENSG00000169122,0.4682962,-1.0497983,7
ENSG00000169139,0.9523871,0.83823615,7
ENSG00000169154,-0.7114465,-1.2076453,7
ENSG00000169398,-0.4229553,0.15847403,7
ENSG00000169427,-0.9465734,-1.121299,7
ENSG00000169436,-1.1249073,-1.1046792,7
ENSG00000169439,-0.94038683,0.897004,7
ENSG00000169490,0.94289917,0.63395625,7
ENSG00000169495,0.7927483,-0.80431336,7
ENSG00000169499,0.66098696,1.5082251,7
ENSG00000169946,-1.0551547,-1.2076453,7
ENSG00000170289,-0.75685734,-1.0413146,7
ENSG00000170323,-1.0568686,-1.2076453,7
ENSG00000170558,-0.91345054,-1.1145715,7
ENSG00000170579,-0.2760644,0.36818436,7
ENSG00000170619,0.3119928,0.62847334,7
ENSG00000170631,0.16049533,0.09872557,7
ENSG00000170677,-0.9299331,-0.017403163,7
ENSG00000170786,-0.13068952,-1.2076453,7
ENSG00000170791,1.2722514,0.88275063,7
ENSG00000170873,0.14858672,-1.1179217,7
ENSG00000170881,0.82690364,1.2747875,7
ENSG00000170961,-0.2726989,-1.1953162,7
ENSG00000171033,0.9781287,0.7503529,7
ENSG00000171044,0.09422812,0.06658121,7
ENSG00000171045,-0.6236916,0.11321164,7
ENSG00000171056,-1.0389935,0.20470056,7
ENSG00000171060,-1.1119975,-1.2076453,7
ENSG00000171316,0.6229109,0.44994658,7
ENSG00000171320,0.81741685,0.5933034,7
ENSG00000171428,-1.0873715,0.5981676,7
ENSG00000171451,-0.84205925,-1.2076453,7
ENSG00000171711,-1.2096299,-1.2076453,7
ENSG00000171791,0.73372394,1.1994194,7
ENSG00000171885,-0.9476159,-1.1315984,7
ENSG00000172164,0.45563534,0.64199835,7
ENSG00000172167,0.6788183,0.38169798,7
ENSG00000172175,1.033096,1.4062489,7
ENSG00000172361,0.6686235,-0.4199113,7
ENSG00000172466,0.7595373,1.2213376,7
ENSG00000172680,-0.8132293,-1.2076453,7
ENSG00000172728,0.4492004,0.46812603,7
ENSG00000172733,-0.65352124,-1.0886962,7
ENSG00000172748,-0.2598571,-0.3408256,7
ENSG00000172817,0.88849014,1.1656237,7
ENSG00000173137,0.3826821,0.1001789,7
ENSG00000173273,0.31885278,0.7355568,7
ENSG00000173281,-0.1872321,-0.06957704,7
ENSG00000173334,0.26674092,0.8337306,7
ENSG00000173482,-1.0469486,0.66284096,7
ENSG00000173530,1.0950451,1.2018694,7
ENSG00000173535,-0.64625496,-0.32494867,7
ENSG00000174226,-0.9666762,-1.2076453,7
ENSG00000174417,-0.932457,-1.2076453,7
ENSG00000174429,-1.0741848,-1.2076453,7
ENSG00000174448,0.9064209,-1.0886962,7
ENSG00000175065,-0.8829832,-1.2076453,7
ENSG00000175073,0.869393,0.49240044,7
ENSG00000175305,-0.57676136,0.6126413,7
ENSG00000175322,0.06076801,0.31656936,7
ENSG00000175324,1.2317753,0.82800555,7
ENSG00000175354,0.8422045,1.2799534,7
ENSG00000175387,0.6864136,0.93002236,7
ENSG00000175445,0.0013596634,-0.6464447,7
ENSG00000175606,0.94284403,1.0813245,7
ENSG00000175806,0.30234578,-0.7522007,7
ENSG00000175895,0.9193299,1.4357371,7
ENSG00000175946,-1.0002407,-1.2076453,7
ENSG00000176014,0.7603547,0.85017854,7
ENSG00000176105,1.0442992,0.63446033,7
ENSG00000176136,-1.1169666,-1.2076453,7
ENSG00000176194,-0.9985396,-1.2076453,7
ENSG00000176209,0.97153395,1.1420463,7
ENSG00000176225,0.82921046,0.7101712,7
ENSG00000176269,-1.1564208,-1.1145715,7
ENSG00000176406,-0.78166294,-0.70713633,7
ENSG00000176566,0.42163506,-1.1755446,7
ENSG00000176571,-1.054622,-1.1603756,7
ENSG00000176595,-0.85696006,-1.2076453,7
ENSG00000176623,1.098583,0.9281581,7
ENSG00000176624,-0.26374218,1.251961,7
ENSG00000176641,-0.9078846,-1.0584582,7
ENSG00000176731,1.1046722,1.1680835,7
ENSG00000176782,-1.0560861,-1.2076453,7
ENSG00000176797,-1.0874541,-1.2076453,7
ENSG00000176853,1.0400162,1.07937,7
ENSG00000176890,0.3401927,1.9220341,7
ENSG00000176907,-1.1236078,-1.2076453,7
ENSG00000176956,-1.0385693,-1.2076453,7
ENSG00000177023,-1.1155871,-1.2076453,7
ENSG00000177143,0.18075028,-1.2076453,7
ENSG00000177150,0.87161225,1.1654263,7
ENSG00000177182,-0.2149602,0.13362075,7
ENSG00000177243,-1.0517254,-1.2076453,7
ENSG00000177257,-1.1277295,-1.2076453,7
ENSG00000177426,0.48281753,-0.7009015,7
ENSG00000177459,-0.26196352,-0.0015992352,7
ENSG00000177511,-0.937202,-1.2076453,7
ENSG00000177570,0.8973443,0.5356166,7
ENSG00000177576,1.182977,1.4108946,7
ENSG00000177669,0.3643343,-1.2076453,7
ENSG00000177710,-0.94435185,-0.8675541,7
ENSG00000178125,0.7265311,0.70949847,7
ENSG00000178127,1.1256765,1.4178599,7
ENSG00000178184,-0.9497361,-0.053018916,7
ENSG00000178209,0.024060935,-0.0009054125,7
ENSG00000178287,-1.0821304,-1.2076453,7
ENSG00000178342,-0.7993393,-1.2076453,7
ENSG00000178460,0.58356196,-1.1493502,7
ENSG00000178538,-0.70909864,-1.0613853,7
ENSG00000178685,-0.58480424,0.5975076,7
ENSG00000178690,-0.98289615,-1.2076453,7
ENSG00000178719,0.4038864,0.9557494,7
ENSG00000178764,0.59959674,0.66900724,7
ENSG00000178860,1.1354097,1.0562372,7
ENSG00000178896,0.36897206,0.64847815,7
ENSG00000179041,0.6636479,0.7858819,7
ENSG00000179091,-0.45282605,1.7209038,7
ENSG00000179142,-1.1197418,-1.1912862,7
ENSG00000179388,0.41546926,0.30463412,7
ENSG00000179526,-0.45142952,0.38692847,7
ENSG00000179632,0.27792493,1.2455273,7
ENSG00000179698,-0.5473853,-0.90418255,7
ENSG00000179832,-0.3634645,-0.22608578,7
ENSG00000179886,-0.70687944,-0.43142715,7
ENSG00000179950,0.62342733,0.91427785,7
ENSG00000179981,-0.5124669,0.2086342,7
ENSG00000180011,-0.84030265,1.0063461,7
ENSG00000180053,0.0064413766,-1.2076453,7
ENSG00000180155,-0.74752694,-1.2076453,7
ENSG00000180190,-1.0513611,-1.1912862,7
ENSG00000180543,0.4928386,-0.7466393,7
ENSG00000180694,0.34955236,1.0250854,7
ENSG00000180777,-1.0335675,-1.1993855,7
ENSG00000180828,0.68132347,0.55171037,7
ENSG00000180900,-0.23819856,0.21016945,7
ENSG00000180921,-1.0883111,-0.4913146,7
ENSG00000180938,0.5734217,-0.5120397,7
ENSG00000181085,-0.6451017,-1.0886962,7
ENSG00000181135,0.51578754,-0.2040771,7
ENSG00000181195,-0.9996639,-1.1912862,7
ENSG00000181626,-1.0507323,-1.1953162,7
ENSG00000181638,-0.6510415,-0.4275531,7
ENSG00000181690,0.9178659,0.54819417,7
ENSG00000181790,-0.6022022,-1.003857,7
ENSG00000182197,0.686413,0.005515212,7
ENSG00000182307,0.5518593,0.9578427,7
ENSG00000182325,0.12085861,0.37236017,7
ENSG00000182372,-0.3001931,0.25290185,7
ENSG00000182674,-1.0750916,-1.1794246,7
ENSG00000182759,-1.0926454,-1.2076453,7
ENSG00000183117,-1.089404,-0.7592585,7
ENSG00000183206,-0.6323917,-1.2076453,7
ENSG00000183287,-0.96457976,-1.124704,7
ENSG00000183309,-0.07129657,0.48374254,7
ENSG00000183638,-0.95832926,-1.203495,7
ENSG00000183665,0.8338812,0.66128504,7
ENSG00000183729,-1.088194,-1.2076453,7
ENSG00000183779,-1.03205,-1.1046792,7
ENSG00000183791,-1.1756632,-1.2076453,7
ENSG00000183808,0.44249383,0.9564484,7
ENSG00000184156,-0.83999807,-0.9082321,7
ENSG00000184374,-0.28720665,-0.107482724,7
ENSG00000184428,-0.9796942,0.1901949,7
ENSG00000184489,0.28510404,0.76585704,7
ENSG00000184647,-0.99577814,-1.1386087,7
ENSG00000184661,0.8180346,1.16407,7
ENSG00000184672,-0.5778206,-1.203495,7
ENSG00000184828,-1.0099155,-1.1112479,7
ENSG00000185000,0.16042899,0.7735065,7
ENSG00000185015,0.66831243,0.040002566,7
ENSG00000185053,-0.91235,-1.0918442,7
ENSG00000185122,0.31090578,0.33802873,7
ENSG00000185189,-0.8032839,-0.25226554,7
ENSG00000185231,-0.9729699,-1.2076453,7
ENSG00000185697,0.5956041,-0.6972048,7
ENSG00000185730,-0.4814371,-0.16806656,7
ENSG00000185803,-0.012721062,0.27291092,7
ENSG00000185900,0.585381,0.46752512,7
ENSG00000185942,-1.0592622,-1.2076453,7
ENSG00000186106,0.8365587,0.5522629,7
ENSG00000186496,-0.23789501,-0.5128274,7
ENSG00000186523,-0.87577826,-1.1014333,7
ENSG00000186562,-1.1284697,-1.2076453,7
ENSG00000186572,-1.1551533,-1.2076453,7
ENSG00000186579,-1.0158039,-1.2076453,7
ENSG00000186583,-0.9061683,-1.2076453,7
ENSG00000186599,-1.0805632,-1.2076453,7
ENSG00000186812,0.8070801,0.48403165,7
ENSG00000186814,0.41657457,0.48805818,7
ENSG00000186918,0.030575253,1.0286443,7
ENSG00000187082,-1.1671144,-1.2076453,7
ENSG00000187323,-0.7891306,-1.1953162,7
ENSG00000187735,1.2140785,1.3413924,7
ENSG00000187773,-1.0434093,-1.2076453,7
ENSG00000187840,-0.7812136,0.9249822,7
ENSG00000187954,0.2396382,0.031964835,7
ENSG00000187955,-0.5436726,-1.1833411,7
ENSG00000188343,-0.013083834,0.23883513,7
ENSG00000188676,-0.55993026,-1.1603756,7
ENSG00000188778,-0.9738752,-1.2076453,7
ENSG00000189233,-0.07551977,-1.1755446,7
ENSG00000189376,0.9388706,0.9318042,7
ENSG00000196150,0.41349787,0.04809385,7
ENSG00000196166,-1.0271804,-1.2076453,7
ENSG00000196378,0.4355205,-0.034079697,7
ENSG00000196628,-0.2889019,1.105835,7
ENSG00000196711,-1.0659264,-1.2076453,7
ENSG00000197046,-0.6569473,-1.2076453,7
ENSG00000197140,0.3993934,-0.9555833,7
ENSG00000197181,0.41379866,-1.0116054,7
ENSG00000197217,0.7983586,0.83034277,7
ENSG00000197265,1.1897953,1.3707832,7
ENSG00000197275,0.83987933,1.2799534,7
ENSG00000197353,-1.0817826,-1.2076453,7
ENSG00000197363,0.6114034,-0.5223981,7
ENSG00000197416,-1.1295063,-1.2076453,7
ENSG00000197563,0.9075003,0.92296916,7
ENSG00000197632,-0.7622742,0.97493464,7
ENSG00000197641,-0.8867024,-1.2076453,7
ENSG00000197705,-0.89408195,-1.1953162,7
ENSG00000197858,0.14751245,0.33089328,7
ENSG00000197892,0.7409652,0.1901949,7
ENSG00000197971,-0.5674284,1.0474967,7
ENSG00000198010,-0.88761234,-1.1755446,7
ENSG00000198042,1.1119822,0.99291366,7
ENSG00000198081,-0.9269169,0.86017895,7
ENSG00000198129,-1.0847787,-1.2076453,7
ENSG00000198169,0.52679044,0.15003133,7
ENSG00000198363,0.74504143,0.17364872,7
ENSG00000198576,-1.1338698,-1.2076453,7
ENSG00000198791,0.94415635,1.312894,7
ENSG00000198795,-0.90665233,-0.9912548,7
ENSG00000198796,0.60415226,1.000711,7
ENSG00000198846,-0.9301893,-1.1717004,7
ENSG00000204839,-0.43162698,-0.6899084,7
ENSG00000204882,-0.9777207,-1.2076453,7
ENSG00000205002,0.19240625,-0.7857035,7
ENSG00000205038,-0.6268216,0.25290185,7
ENSG00000205133,0.3148916,0.3188301,7
ENSG00000205186,-0.9608272,-1.2076453,7
ENSG00000205189,0.7822685,-0.16565853,7
ENSG00000205268,1.0929109,1.0687472,7
ENSG00000205882,-0.87874013,-1.2076453,7
ENSG00000205883,-1.0790018,-1.2076453,7
ENSG00000205884,-1.0416782,-1.2076453,7
ENSG00000206026,-0.99789053,-1.2076453,7
ENSG00000206043,-0.7610536,-1.2076453,7
ENSG00000206047,-1.0136462,-1.2076453,7
ENSG00000206052,-0.9623097,-1.203495,7
ENSG00000206073,-0.9959854,-1.1833411,7
ENSG00000206075,0.065452695,-1.1179217,7
ENSG00000206181,-0.87728244,-1.2076453,7
ENSG00000206418,1.12847,1.1646639,7
ENSG00000206422,-1.2615294,-1.2076453,7
ENSG00000206432,-1.002092,-1.2076453,7
ENSG00000206579,-0.5050435,-0.9601669,7
ENSG00000212710,-0.202709,-1.128137,7
ENSG00000212993,-0.40955707,-0.02664009,7
ENSG00000213563,-0.45781305,-0.029105244,7
ENSG00000213865,1.0935346,0.5917437,7
ENSG00000214050,-0.53422946,0.7883622,7
ENSG00000214814,-0.6126085,-1.0950161,7
ENSG00000214954,-0.97859806,-0.044980004,7
ENSG00000215114,0.9734859,1.020419,7
ENSG00000215262,-0.9628883,-1.2076453,7
ENSG00000215343,-0.9764366,-1.2076453,7
ENSG00000215356,-1.0684832,-1.2076453,7
ENSG00000215372,-0.7831882,-1.1678911,7
ENSG00000215421,0.4432308,0.26565677,7
ENSG00000215474,0.021566506,-1.2076453,7
ENSG00000221818,-0.58555293,-1.1603756,7
ENSG00000221869,-1.1751994,-0.59156376,7
ENSG00000221887,0.95218354,1.1686018,7
ENSG00000221914,0.99542814,1.0151947,7
ENSG00000221947,0.7976906,-0.7121922,7
ENSG00000223443,-1.057388,-1.2076453,7
ENSG00000226490,-1.1681267,-1.2076453,7
ENSG00000226742,0.76292914,-1.1145715,7
ENSG00000228075,-0.6740934,-1.2076453,7
ENSG00000231824,-0.5980285,-1.2076453,7
ENSG00000232948,-1.1198744,-1.2076453,7
ENSG00000233050,-1.0394222,-1.2076453,7
ENSG00000235173,-0.8696366,0.41759807,7
ENSG00000236396,-1.1988468,-1.2076453,7
ENSG00000239839,-1.0196928,-1.2076453,7
ENSG00000240247,-1.002138,-1.2076453,7
ENSG00000240694,-0.99748796,-1.0673016,7
ENSG00000241852,-0.72451967,-0.20033288,7
ENSG00000242550,-0.036449626,1.5503637,7
ENSG00000248235,-0.7624092,-0.3677796,7
ENSG00000250305,0.51231945,-0.8155654,7
ENSG00000250571,0.096477605,-0.07340872,7
ENSG00000253117,-1.0450207,-1.2076453,7
ENSG00000253457,0.9207554,-1.152993,7
ENSG00000253598,-1.0689448,-0.59061253,7
ENSG00000253729,0.79635304,1.3624681,7
ENSG00000253958,0.14802776,-0.83218527,7
ENSG00000254087,1.1588389,1.4458606,7
ENSG00000254093,0.75643927,0.7042049,7
ENSG00000254402,-0.29299498,-0.77227145,7
ENSG00000254673,-0.9296331,1.6526754,7
ENSG00000255112,0.72429985,1.0512227,7
ENSG00000255181,-0.82580346,-1.2076453,7
ENSG00000255251,-0.87922627,-1.2076453,7
ENSG00000255378,-1.1081953,-1.1755446,7
ENSG00000256463,-1.1261905,-1.2076453,7
ENSG00000258417,0.61138546,-1.2076453,7
ENSG00000258724,0.65014076,0.5051624,7
ENSG00000259305,0.44248822,1.1299686,7
