,Pred,actual,fold_idx
ENSG00000149932,1.1466488,1.5366846,2
ENSG00000180398,1.1626661,0.72997427,2
ENSG00000179943,1.1775732,0.45484486,2
ENSG00000148985,1.1683905,0.7075702,2
ENSG00000169220,1.1561624,1.2427899,2
ENSG00000033170,1.1320505,0.71516734,2
ENSG00000160789,1.147368,1.6910815,2
ENSG00000108509,1.1381636,0.43775055,2
ENSG00000104442,1.1537535,1.5510839,2
ENSG00000188389,1.1447746,0.29885307,2
ENSG00000176974,1.1506337,1.1392492,2
ENSG00000161671,1.1444054,0.79588,2
ENSG00000078674,1.1469374,1.4345689,2
ENSG00000173559,1.1763324,0.9849771,2
ENSG00000099219,1.135489,1.2839793,2
ENSG00000143401,1.1890529,1.5359267,2
ENSG00000165490,1.128973,1.1903317,2
ENSG00000105402,1.1877894,0.93399316,2
ENSG00000114982,1.1600426,1.2132521,2
ENSG00000128309,1.1347485,1.3034121,2
ENSG00000155368,1.1643381,2.011655,2
ENSG00000047578,1.1360877,0.38201705,2
ENSG00000151445,1.1872007,1.231979,2
ENSG00000077463,1.1486478,0.9872192,2
ENSG00000108588,1.2271099,1.9345994,2
ENSG00000079459,1.1475217,2.489072,2
ENSG00000083799,1.1271713,0.4048337,2
ENSG00000082641,1.1368047,1.3293979,2
ENSG00000228716,1.1774362,1.8232785,2
ENSG00000097021,1.1505421,1.653309,2
ENSG00000180376,1.1433452,0.7512791,2
ENSG00000237765,1.1400895,0.8785218,2
ENSG00000116521,1.1582494,1.9048237,2
ENSG00000131591,1.1325489,1.0132587,2
ENSG00000102897,1.175254,0.83884907,2
ENSG00000102858,1.2199601,0.29885307,2
ENSG00000109458,1.1217847,0.7355989,2
ENSG00000066136,1.2152882,1.3667964,2
ENSG00000137343,1.1493626,0.61066014,2
ENSG00000149311,1.1617768,0.6848454,2
ENSG00000169193,1.1287699,0.14612803,2
ENSG00000173039,1.1605592,1.1445742,2
ENSG00000157181,1.2060049,1.5056925,2
ENSG00000128915,1.1528852,1.0996807,2
ENSG00000138795,1.15381,1.0310043,2
ENSG00000143748,1.1831946,0.21748394,2
ENSG00000141644,1.1580132,1.0689276,2
ENSG00000119383,1.1840775,1.4482424,2
ENSG00000015171,1.1558444,0.50514996,2
ENSG00000170037,1.1731353,0.90525603,2
ENSG00000113240,1.1621209,1.0203613,2
ENSG00000125826,1.1553668,0.54406804,2
ENSG00000150712,1.1615326,1.0285712,2
ENSG00000148925,1.1227286,1.0681858,2
ENSG00000124532,1.1557307,0.8733206,2
ENSG00000077380,1.1758965,1.8889092,2
ENSG00000165322,1.1286914,0.93550724,2
ENSG00000155542,1.1622769,0.7355989,2
ENSG00000042088,1.1352551,1.3535316,2
ENSG00000132326,1.1337309,0.32428247,2
ENSG00000050426,1.1792779,1.902275,2
ENSG00000071054,1.1242414,1.1684974,2
ENSG00000137210,1.1805744,2.3388548,2
ENSG00000111801,1.1334051,0.17026171,2
ENSG00000143476,1.2205154,1.6374897,2
ENSG00000047849,1.1601968,1.3400474,2
ENSG00000127527,1.1386378,0.845718,2
ENSG00000177885,1.1552472,1.6347795,2
ENSG00000120451,1.1367929,0.8915374,2
ENSG00000198707,1.1153486,0.42651126,2
ENSG00000002586,1.2152874,1.0591847,2
ENSG00000164038,1.1322768,0.76192784,2
ENSG00000104133,1.1522404,0.89042103,2
ENSG00000137404,1.1416194,0.666518,2
ENSG00000168813,1.1249675,1.217484,2
ENSG00000179094,1.1427473,0.31175387,2
ENSG00000131373,1.1765507,1.5777215,2
ENSG00000162129,1.14523,0.9772662,2
ENSG00000133641,1.1469951,1.3596458,2
ENSG00000141968,1.1732152,0.8715729,2
ENSG00000149806,1.1800768,2.3532813,2
ENSG00000035141,1.1428862,1.768712,2
ENSG00000029364,1.1485906,1.4367985,2
ENSG00000010322,1.1471324,1.1826999,2
ENSG00000185658,1.1561091,0.98855895,2
ENSG00000137812,1.155729,0.89597476,2
ENSG00000163719,1.162116,1.5179873,2
ENSG00000126858,1.1598094,0.80002934,2
ENSG00000104524,1.1557152,0.65513843,2
ENSG00000163950,1.1934962,2.0537312,2
ENSG00000167107,1.1439008,0.37657696,2
ENSG00000001631,1.1702154,1.2127202,2
ENSG00000004487,1.1693183,2.0933516,2
ENSG00000117054,1.174494,1.8652225,2
ENSG00000115234,1.1754289,1.4797193,2
ENSG00000112305,1.1426444,1.0726175,2
ENSG00000100814,1.1173944,1.9071963,2
ENSG00000204852,1.1389766,0.4048337,2
ENSG00000164258,1.1413735,2.0000434,2
ENSG00000168214,1.1344793,0.73719263,2
ENSG00000184445,1.1984756,1.839478,2
ENSG00000169715,1.1500608,0.06445799,2
ENSG00000109814,1.1469715,1.0013009,2
ENSG00000213614,1.1449134,1.7737134,2
ENSG00000243943,1.1767644,1.7081659,2
ENSG00000109083,1.1681913,1.1795518,2
ENSG00000118564,1.1447831,0.91539985,2
ENSG00000099968,1.198324,1.5247854,2
ENSG00000148950,1.1731777,1.2375437,2
ENSG00000163374,1.1783915,1.7431961,2
ENSG00000081760,1.1431723,0.5658478,2
ENSG00000245680,1.1441634,0.30103,2
ENSG00000159593,1.1772918,2.1024337,2
ENSG00000143537,1.1509645,0.1818436,2
ENSG00000076685,1.149857,1.1922886,2
ENSG00000185651,1.2003337,2.2185092,2
ENSG00000144597,1.1611922,1.158664,2
ENSG00000132670,1.146913,1.593729,2
ENSG00000100211,1.1610382,1.090258,2
ENSG00000124508,1.1308178,0.62531245,2
ENSG00000065518,1.1567526,1.9751099,2
ENSG00000068878,1.1546055,1.5037907,2
ENSG00000100592,1.1250445,0.6273658,2
ENSG00000198920,1.1302198,0.5024271,2
ENSG00000186184,1.1394033,0.31175387,2
ENSG00000167986,1.1731017,2.2708185,2
ENSG00000103005,1.1500454,1.416141,2
ENSG00000134262,1.1896243,1.1215599,2
ENSG00000158636,1.1584008,0.9934362,2
ENSG00000198270,1.2182689,1.3836359,2
ENSG00000066697,1.1112471,0.845718,2
ENSG00000160961,1.1388355,0.5378191,2
ENSG00000168495,1.1723224,1.518119,2
ENSG00000136111,1.1254154,0.1398791,2
ENSG00000126777,1.1561606,1.0236639,2
ENSG00000107745,1.1820982,1.5100085,2
ENSG00000143190,1.1478901,0.7944881,2
ENSG00000118513,1.136666,1.6578205,2
ENSG00000213930,1.1702923,0.04921802,2
ENSG00000025434,1.1267986,0.9344984,2
ENSG00000122085,1.1164298,0.6454223,2
ENSG00000106608,1.1404984,0.7315888,2
ENSG00000072518,1.1559372,0.20411998,2
ENSG00000132600,1.1615529,0.968483,2
ENSG00000092208,1.1681997,1.4778445,2
ENSG00000183283,1.2045125,1.9079485,2
ENSG00000169020,1.2563769,2.6482332,2
ENSG00000109184,1.1672527,1.0700378,2
ENSG00000165819,1.1472454,1.8642143,2
ENSG00000167562,1.1248584,0.80482066,2
ENSG00000141905,1.1423368,0.2329961,2
ENSG00000037474,1.1942365,1.7822576,2
ENSG00000183765,1.1552978,1.1105897,2
ENSG00000160223,1.1407161,0.23804611,2
ENSG00000155366,1.1440914,2.0485194,2
ENSG00000155744,1.1599748,0.8344207,2
ENSG00000078668,1.1680799,2.4218013,2
ENSG00000185808,1.190675,1.7021719,2
ENSG00000078124,1.1984154,0.8413595,2
ENSG00000120253,1.1521842,1.8250364,2
ENSG00000119509,1.132819,0.6148972,2
ENSG00000107371,1.138423,1.326131,2
ENSG00000168872,1.1582146,1.4413809,2
ENSG00000121481,1.1506234,1.2591158,2
ENSG00000139636,1.183924,1.2299377,2
ENSG00000138050,1.1299069,1.2871296,2
ENSG00000179151,1.1340227,0.90902084,2
ENSG00000105053,1.188013,1.25042,2
ENSG00000185379,1.1551337,0.5728716,2
ENSG00000100099,1.1355009,0.9127533,2
ENSG00000196646,1.1256927,0.43775055,2
ENSG00000131323,1.1258149,1.0,2
ENSG00000108961,1.1675009,0.5263393,2
ENSG00000048028,1.1521752,1.0334238,2
ENSG00000064490,1.2023432,1.4789991,2
ENSG00000116133,1.1437411,1.8023632,2
ENSG00000078070,1.157423,1.2240148,2
ENSG00000242110,1.140487,0.46089783,2
ENSG00000104299,1.1570048,1.3914644,2
ENSG00000118513,1.1348733,0.9469433,2
ENSG00000006625,1.1584375,0.33243847,2
ENSG00000174718,1.130136,1.3588862,2
ENSG00000109814,1.1511636,1.0013009,2
ENSG00000133943,1.1172122,0.33445376,2
ENSG00000004455,1.2006142,2.5671086,2
ENSG00000126653,1.1430721,0.7979596,2
ENSG00000204564,1.1662209,1.1003705,2
ENSG00000078747,1.1385181,0.95856386,2
ENSG00000115750,1.1783296,0.9628427,2
ENSG00000136068,1.1505368,1.1172713,2
ENSG00000113391,1.1259979,0.33041376,2
ENSG00000133961,1.1162236,1.101747,2
ENSG00000187838,1.1502297,0.5854607,2
ENSG00000140650,1.1795852,1.0191163,2
ENSG00000112695,1.1891592,2.4042692,2
ENSG00000125505,1.1451162,1.3098431,2
ENSG00000185158,1.1331077,0.37657696,2
ENSG00000176024,1.1275927,0.15228835,2
ENSG00000183077,1.1774715,0.9777236,2
ENSG00000169180,1.1586859,1.857634,2
ENSG00000168883,1.1373291,1.8816129,2
ENSG00000150527,1.1303288,0.8870544,2
ENSG00000140263,1.1361958,0.53147894,2
ENSG00000134278,1.132112,0.77742684,2
ENSG00000177917,1.1533296,1.8633229,2
ENSG00000100519,1.1790456,1.9445814,2
ENSG00000100744,1.1210606,0.8645111,2
ENSG00000167985,1.1688489,1.3457657,2
ENSG00000171503,1.1640117,0.98587537,2
ENSG00000164305,1.1408817,1.4415381,2
ENSG00000147050,1.1564865,1.1271048,2
ENSG00000119487,1.1343846,0.17318627,2
ENSG00000122008,1.1351873,0.11394335,2
ENSG00000134014,1.1565498,0.8344207,2
ENSG00000102003,1.1224184,0.46834734,2
ENSG00000141030,1.1666034,0.97312784,2
ENSG00000010671,1.1499088,1.683047,2
ENSG00000076321,1.1532803,1.141136,2
ENSG00000165264,1.1540619,1.5607433,2
ENSG00000100814,1.1186261,1.9078411,2
ENSG00000140455,1.1725645,0.7979596,2
ENSG00000147050,1.1513574,1.2340108,2
ENSG00000167775,1.152349,1.4353665,2
ENSG00000103363,1.1740263,2.2200034,2
ENSG00000198586,1.1632068,1.2671717,2
ENSG00000114126,1.1371877,1.6451274,2
ENSG00000115355,1.14094,1.2092469,2
ENSG00000204120,1.1277862,0.29446623,2
ENSG00000168958,1.1283948,0.7611758,2
ENSG00000138750,1.159908,0.91009057,2
ENSG00000088298,1.1385946,0.7937904,2
ENSG00000007168,1.1401533,1.4759616,2
ENSG00000068354,1.1346229,0.6404814,2
ENSG00000087206,1.1482961,1.1763806,2
ENSG00000153317,1.1216875,0.6794279,2
ENSG00000115446,1.1656988,1.5154765,2
ENSG00000156467,1.1681774,1.7629036,2
ENSG00000117697,1.1464199,1.5766869,2
ENSG00000163848,1.1167908,0.8627275,2
ENSG00000116747,1.1633875,1.0342273,2
ENSG00000095951,1.1509026,1.0934217,2
ENSG00000108590,1.1696211,1.0461048,2
ENSG00000148019,1.14153,1.0277572,2
ENSG00000138380,1.1318902,0.47275645,2
ENSG00000136279,1.1674966,1.2437819,2
ENSG00000074603,1.1525925,0.80413944,2
ENSG00000124155,1.1329701,0.98000336,2
ENSG00000178950,1.1650075,0.8668778,2
ENSG00000135241,1.2003621,1.0652062,2
ENSG00000148331,1.1486261,0.99033886,2
ENSG00000072803,1.1649878,0.8698182,2
ENSG00000163755,1.1379592,0.764923,2
ENSG00000138071,1.1583377,2.0803018,2
ENSG00000205476,1.1185007,0.45331833,2
ENSG00000186654,1.1367056,0.16731733,2
ENSG00000169919,1.1387565,1.581039,2
ENSG00000075711,1.1602151,0.8175654,2
ENSG00000109118,1.1589935,0.7489629,2
ENSG00000112697,1.148396,0.9498777,2
ENSG00000166377,1.125749,0.5352941,2
ENSG00000129103,1.151933,0.86213136,2
ENSG00000100429,1.1613538,0.29885307,2
ENSG00000147457,1.1542085,0.54406804,2
ENSG00000117335,1.1745232,2.1604085,2
ENSG00000147854,1.128287,1.2276297,2
ENSG00000172530,1.2024117,0.6730209,2
ENSG00000127914,1.1339914,0.8027737,2
ENSG00000087586,1.2132542,1.2193226,2
ENSG00000102078,1.1549313,0.80753505,2
ENSG00000158062,1.1712688,0.91009057,2
ENSG00000184162,1.1975712,1.1556396,2
ENSG00000136840,1.1253781,0.89597476,2
ENSG00000104047,1.1199564,1.1714339,2
ENSG00000163644,1.1218231,0.9020029,2
ENSG00000150867,1.1386123,1.3841741,2
ENSG00000119725,1.1503655,1.30103,2
ENSG00000028116,1.1585219,1.4830164,2
ENSG00000136280,1.1283259,1.1953461,2
ENSG00000116478,1.2246132,2.4376397,2
ENSG00000164329,1.1798064,1.5256926,2
ENSG00000173276,1.155827,0.54900324,2
ENSG00000105948,1.1487699,0.77524626,2
ENSG00000150961,1.1343819,1.31133,2
ENSG00000162929,1.1433947,0.6117233,2
ENSG00000131269,1.1400614,1.1574568,2
ENSG00000133393,1.2086896,0.44870633,2
ENSG00000099849,1.1413473,1.1442628,2
ENSG00000101150,1.1877811,1.8706964,2
ENSG00000076984,1.1831019,0.38021123,2
ENSG00000129187,1.1592008,1.7339191,2
ENSG00000087302,1.1704842,1.3925211,2
ENSG00000136754,1.1428549,0.07188201,2
ENSG00000015153,1.1364902,0.71349055,2
ENSG00000123609,1.1539776,1.0881361,2
ENSG00000142330,1.1455493,0.49831057,2
ENSG00000066827,1.1654135,0.045322977,2
ENSG00000166965,1.1891742,1.2347703,2
ENSG00000114857,1.1924136,1.6161603,2
ENSG00000175104,1.1289645,0.9365137,2
ENSG00000141552,1.140754,0.8188854,2
ENSG00000100815,1.1445599,0.5622929,2
ENSG00000141503,1.148602,0.78746045,2
ENSG00000128708,1.2121569,2.2456608,2
ENSG00000115694,1.1580973,1.468495,2
ENSG00000119685,1.1404357,0.607455,2
ENSG00000010318,1.1581361,0.22271647,2
ENSG00000139977,1.1278803,0.83569056,2
ENSG00000171574,1.1344578,1.2392995,2
ENSG00000121152,1.1766202,0.98989457,2
ENSG00000143324,1.1516439,1.5582284,2
ENSG00000118200,1.1292393,0.16731733,2
ENSG00000129197,1.1588264,0.9143432,2
ENSG00000113810,1.1732455,1.7603471,2
ENSG00000007392,1.1542728,1.523226,2
ENSG00000009307,1.1857812,2.321184,2
ENSG00000134480,1.1588771,1.9200189,2
ENSG00000127334,1.1342734,0.99694926,2
ENSG00000079387,1.1828247,1.4243915,2
ENSG00000168255,1.1625719,0.66370094,2
ENSG00000139636,1.1850631,0.92839587,2
ENSG00000134278,1.1316719,0.77742684,2
ENSG00000180822,1.1696274,1.625724,2
ENSG00000132694,1.1390548,0.7176705,2
ENSG00000102181,1.1954056,1.0081742,2
ENSG00000156795,1.1720138,1.0899051,2
ENSG00000174442,1.1640317,1.510679,2
ENSG00000196118,1.1578513,0.6324573,2
ENSG00000239306,1.1856539,1.3812957,2
ENSG00000070269,1.1324154,0.5599066,2
ENSG00000114439,1.1094148,0.83884907,2
ENSG00000101365,1.172579,0.65705585,2
ENSG00000068028,1.152035,0.71600336,2
ENSG00000182473,1.1463151,1.30103,2
ENSG00000162772,1.1514988,0.897077,2
ENSG00000081154,1.1518266,0.9552065,2
ENSG00000197694,1.1367648,0.60206,2
ENSG00000131023,1.1538286,1.1983821,2
ENSG00000099290,1.15385,0.6053051,2
ENSG00000106462,1.2128017,2.127785,2
ENSG00000104205,1.1487079,0.40823996,2
ENSG00000135677,1.1438268,0.86628735,2
ENSG00000204463,1.2625384,1.888797,2
ENSG00000101294,1.1522529,1.413635,2
ENSG00000116138,1.1489756,0.9444827,2
ENSG00000064607,1.1613898,0.54654264,2
ENSG00000138757,1.1685836,1.9137609,2
ENSG00000161791,1.1391189,0.5658478,2
ENSG00000124782,1.1438582,0.5185139,2
ENSG00000085733,1.1638732,1.5035183,2
ENSG00000152147,1.1290606,0.49554434,2
ENSG00000137449,1.0920632,0.10720997,2
ENSG00000136247,1.1503134,1.7206553,2
ENSG00000119661,1.1766914,0.19312459,2
ENSG00000166579,1.1561117,1.1312978,2
ENSG00000141644,1.1570275,1.0648322,2
ENSG00000182473,1.1486452,1.1619666,2
ENSG00000173889,1.139446,0.97127587,2
ENSG00000131467,1.2122025,1.2871296,2
ENSG00000139531,1.1317704,1.0610753,2
ENSG00000137807,1.1674681,0.7888751,2
ENSG00000134278,1.1308204,0.77742684,2
ENSG00000057663,1.1644928,1.2711443,2
ENSG00000138032,1.1282476,1.3773062,2
ENSG00000156253,1.1299034,0.7853298,2
ENSG00000136877,1.1704066,1.306425,2
ENSG00000105793,1.1658854,1.0733517,2
ENSG00000124214,1.1336601,1.4933186,2
ENSG00000158109,1.1357574,0.92012334,2
ENSG00000153310,1.1820352,1.0413927,2
ENSG00000131966,1.15998,1.4504031,2
ENSG00000164180,1.1324273,1.4219328,2
ENSG00000116977,1.159791,1.2780674,2
ENSG00000081154,1.150431,1.6352826,2
ENSG00000196396,1.1611326,1.5259514,2
ENSG00000086848,1.139122,1.2650537,2
ENSG00000198538,1.1268497,1.1132747,2
ENSG00000126453,1.1619238,1.7257483,2
ENSG00000185515,1.1715722,1.3255156,2
ENSG00000144554,1.1677063,1.8327643,2
ENSG00000162174,1.1341181,0.71180725,2
ENSG00000012048,1.1659061,1.1619666,2
ENSG00000135341,1.1679997,1.60455,2
ENSG00000100883,1.1607447,1.2211534,2
ENSG00000175416,1.1422176,1.4566697,2
ENSG00000039319,1.1468899,0.7283538,2
ENSG00000003402,1.1234126,1.3552599,2
ENSG00000122203,1.1475286,1.325105,2
ENSG00000167721,1.1589584,0.99475694,2
ENSG00000163320,1.1406336,1.5014701,2
ENSG00000090686,1.2174453,1.6536947,2
ENSG00000047849,1.156563,0.5237465,2
ENSG00000124333,1.1436996,1.8605176,2
ENSG00000168807,1.1207097,0.67209786,2
ENSG00000204574,1.2204405,1.2938044,2
ENSG00000066427,1.147661,0.7355989,2
ENSG00000168056,1.1347436,0.50514996,2
ENSG00000141027,1.1364229,1.2844307,2
ENSG00000079332,1.1855743,1.5375673,2
ENSG00000131876,1.189459,0.15533604,2
ENSG00000132323,1.1733935,1.1112626,2
ENSG00000170633,1.1398759,1.1861084,2
ENSG00000105669,1.2112944,2.185967,2
ENSG00000182919,1.1715314,0.9344984,2
ENSG00000148399,1.1502417,1.2860072,2
ENSG00000159267,1.1375811,0.93298084,2
ENSG00000047849,1.1565518,1.5537617,2
ENSG00000215301,1.1818105,1.2915908,2
ENSG00000102030,1.1710637,1.3782161,2
ENSG00000163006,1.1347587,0.9360108,2
ENSG00000158604,1.1743717,1.610021,2
ENSG00000148120,1.1252995,0.54157925,2
ENSG00000030066,1.1652436,1.8332746,2
ENSG00000157538,1.1794516,1.4847268,2
ENSG00000164211,1.1742961,1.7776443,2
ENSG00000173933,1.1761103,1.6408788,2
ENSG00000147854,1.1350889,1.1149445,2
ENSG00000128973,1.1483195,1.3005955,2
ENSG00000134333,1.162969,3.2914464,2
ENSG00000213420,1.1335667,0.33845648,2
ENSG00000149179,1.1396478,0.73878056,2
ENSG00000188785,1.1261289,0.651278,2
ENSG00000127507,1.1457415,0.8698182,2
ENSG00000168802,1.1256332,1.5679669,2
ENSG00000103194,1.147208,1.7103713,2
ENSG00000198276,1.1622126,1.3414345,2
ENSG00000148498,1.1237645,0.9127533,2
ENSG00000151135,1.1527163,0.97127587,2
ENSG00000163626,1.163596,1.1325798,2
ENSG00000143933,1.2353051,2.2255678,2
ENSG00000120690,1.1358818,1.0888445,2
ENSG00000178761,1.158299,1.4745077,2
ENSG00000103485,1.1328392,1.5714759,2
ENSG00000139433,1.1478064,0.5854607,2
ENSG00000136068,1.1515564,1.0733517,2
ENSG00000147687,1.1771432,0.71933126,2
ENSG00000213920,1.178316,0.8312297,2
ENSG00000122008,1.1343243,0.7895807,2
ENSG00000241837,1.1895322,2.8782,2
ENSG00000169682,1.1402059,1.0013009,2
ENSG00000077458,1.1994319,0.98677176,2
ENSG00000156467,1.16425,1.905364,2
ENSG00000145723,1.1393381,0.7686381,2
ENSG00000121716,1.1439058,0.5301997,2
ENSG00000166669,1.1397855,1.0437552,2
ENSG00000133943,1.1175401,0.29885307,2
ENSG00000158636,1.1575478,1.0370278,2
ENSG00000239382,1.1601183,1.2535803,2
ENSG00000065357,1.147181,0.21484385,2
ENSG00000075292,1.1311098,1.2499318,2
ENSG00000133961,1.116472,1.1051694,2
ENSG00000188603,1.189914,0.8709888,2
ENSG00000102897,1.1740181,0.90036714,2
ENSG00000183527,1.1764675,1.9436429,2
ENSG00000038358,1.1502074,1.2229764,2
ENSG00000115421,1.15767,0.86746746,2
ENSG00000102081,1.1386979,0.6928469,2
ENSG00000091732,1.1493251,1.7394933,2
ENSG00000133703,1.1241318,1.1504494,2
ENSG00000151914,1.1546592,0.17609125,2
ENSG00000118513,1.1335498,1.612572,2
ENSG00000066322,1.1794162,1.8703454,2
ENSG00000138768,1.1648128,1.8602781,2
ENSG00000168958,1.1388469,1.3847117,2
ENSG00000059588,1.1191379,1.2971036,2
ENSG00000204410,1.2572736,1.0484418,2
ENSG00000143742,1.2109848,2.7646916,2
ENSG00000176148,1.1641915,0.07918125,2
ENSG00000060971,1.1731006,1.4460709,2
ENSG00000061273,1.1325419,0.75281644,2
ENSG00000032444,1.1353638,0.6946052,2
ENSG00000162378,1.148602,1.1616675,2
ENSG00000129007,1.1401429,0.11058971,2
ENSG00000138050,1.1373751,1.1849751,2
ENSG00000147955,1.1367575,1.1562462,2
ENSG00000141564,1.1518083,0.50920254,2
ENSG00000149809,1.1457365,0.83884907,2
ENSG00000079277,1.1810284,0.7589119,2
ENSG00000225830,1.1418166,0.7951846,2
ENSG00000196652,1.1805341,1.0102999,2
ENSG00000149554,1.1571631,1.3841741,2
ENSG00000138078,1.1710466,1.385785,2
ENSG00000055609,1.1486943,1.0806265,2
ENSG00000103066,1.1294366,0.80002934,2
ENSG00000129933,1.1808786,1.0899051,2
ENSG00000166938,1.1335529,0.7853298,2
ENSG00000133805,1.1436238,1.2405492,2
ENSG00000150527,1.1384591,0.8337844,2
ENSG00000158062,1.1724905,0.91539985,2
ENSG00000184640,1.1251981,0.2600714,2
ENSG00000114098,1.1567076,0.9537597,2
ENSG00000112339,1.1811574,1.6584884,2
ENSG00000005483,1.1998279,0.41995576,2
ENSG00000127616,1.1510733,0.07918125,2
ENSG00000174032,1.1498079,0.55145,2
ENSG00000197008,1.1625781,0.6702458,2
ENSG00000163131,1.155252,0.99825937,2
ENSG00000110074,1.2024462,1.610021,2
ENSG00000139734,1.1346418,0.8692317,2
ENSG00000140612,1.1638362,1.8183578,2
ENSG00000122008,1.1365403,0.8286599,2
ENSG00000256053,1.116461,0.7589119,2
ENSG00000175764,1.1153419,0.24551266,2
ENSG00000152683,1.1666774,1.4044917,2
ENSG00000186908,1.1697412,1.2337574,2
ENSG00000183765,1.1562686,1.1051694,2
ENSG00000177479,1.1650548,1.7198282,2
ENSG00000169062,1.1645424,0.89597476,2
ENSG00000118292,1.1665614,0.16435285,2
ENSG00000127507,1.1408347,0.8254261,2
ENSG00000123562,1.11619,2.293075,2
ENSG00000168781,1.1322771,0.72345567,2
ENSG00000108788,1.1809211,1.4676081,2
ENSG00000152620,1.1657765,1.1436392,2
ENSG00000151576,1.1220658,0.920645,2
ENSG00000161960,1.1583302,2.7704618,2
ENSG00000196365,1.196405,0.9263424,2
ENSG00000129197,1.1599665,1.1784014,2
ENSG00000164329,1.1817583,1.5039268,2
ENSG00000103811,1.1705532,1.9000939,2
ENSG00000100439,1.142334,0.952308,2
ENSG00000128731,1.1179224,0.71180725,2
ENSG00000172936,1.140392,1.276002,2
ENSG00000144354,1.1588929,1.9116901,2
ENSG00000105221,1.1812327,1.5223138,2
ENSG00000040633,1.1426415,1.2776092,2
ENSG00000148634,1.1595969,1.1000258,2
ENSG00000116237,1.1484492,1.214579,2
ENSG00000007341,1.1698238,0.6294096,2
ENSG00000126858,1.1644573,1.5011963,2
ENSG00000198382,1.1616958,0.89042103,2
ENSG00000103494,1.1487135,0.54032946,2
ENSG00000079150,1.1434152,0.553883,2
ENSG00000128294,1.1257467,0.99475694,2
ENSG00000169919,1.1462625,1.5478977,2
ENSG00000079277,1.1807637,1.0722499,2
ENSG00000101220,1.1443521,1.41946,2
ENSG00000143164,1.211991,1.6009729,2
ENSG00000114735,1.1675155,0.5820634,2
ENSG00000110075,1.1736686,1.4371161,2
ENSG00000134333,1.1658493,3.295279,2
ENSG00000136521,1.1736147,1.4795753,2
ENSG00000152223,1.1329867,0.622214,2
ENSG00000124067,1.1647077,1.0722499,2
ENSG00000067066,1.1449187,1.1869563,2
ENSG00000126091,1.1843455,0.65513843,2
ENSG00000099290,1.1416755,0.6053051,2
ENSG00000161395,1.1765742,0.35410845,2
ENSG00000168813,1.1307948,1.2669369,2
ENSG00000170325,1.2078983,0.5118834,2
ENSG00000093144,1.1419685,1.4702635,2
ENSG00000172009,1.1425177,1.4892552,2
ENSG00000105171,1.190215,0.22010809,2
ENSG00000092036,1.153976,1.5287882,2
ENSG00000121741,1.1426909,0.9116902,2
ENSG00000181038,1.1601319,1.0472748,2
ENSG00000106415,1.1283941,0.62838894,2
ENSG00000006712,1.1946383,1.343999,2
ENSG00000147050,1.1562345,0.5797836,2
ENSG00000153560,1.1824263,1.7769916,2
ENSG00000169045,1.1965368,2.116807,2
ENSG00000067225,1.1375632,0.5390761,2
ENSG00000105808,1.1443443,0.34439227,2
ENSG00000181523,1.1370115,0.29446623,2
ENSG00000162065,1.1279428,0.4593925,2
ENSG00000015479,1.165484,0.69108146,2
ENSG00000110619,1.1566331,1.7646991,2
ENSG00000112763,1.1375223,0.7723217,2
ENSG00000013573,1.1470433,1.166134,2
ENSG00000142082,1.1609696,0.80550086,2
ENSG00000154310,1.1625648,1.0637085,2
ENSG00000111196,1.1613188,0.8142476,2
ENSG00000172977,1.2052491,1.5441921,2
ENSG00000139624,1.1638095,1.2422929,2
ENSG00000170854,1.1403815,1.1574568,2
ENSG00000187239,1.1365608,0.39967373,2
ENSG00000108061,1.1254339,0.9863238,2
ENSG00000125447,1.1842872,1.2496874,2
ENSG00000076242,1.2397406,1.9549176,2
ENSG00000100890,1.1309698,1.0766405,2
ENSG00000074603,1.153722,0.23552845,2
ENSG00000051180,1.1843913,1.3089911,2
ENSG00000168522,1.165727,1.7690079,2
ENSG00000133835,1.1529775,1.2496874,2
ENSG00000171055,1.1395707,1.2367891,2
ENSG00000189159,1.167718,1.1261314,2
ENSG00000065485,1.1547912,1.3126005,2
ENSG00000137497,1.1422296,0.69548166,2
ENSG00000087008,1.1642128,0.103803724,2
ENSG00000134086,1.1539322,1.416141,2
ENSG00000099622,1.1599914,0.2600714,2
ENSG00000117155,1.1585088,1.3609719,2
ENSG00000162298,1.1784317,0.4502491,2
ENSG00000182287,1.1446334,0.38560626,2
ENSG00000133961,1.1191893,1.1075491,2
ENSG00000110060,1.1302555,0.98227125,2
ENSG00000164162,1.150911,1.6084191,2
ENSG00000153406,1.1482391,1.5277587,2
ENSG00000121067,1.1666014,1.0989896,2
ENSG00000148331,1.1486595,0.9454686,2
ENSG00000105948,1.1480714,0.6757783,2
ENSG00000114098,1.1572424,0.103803724,2
ENSG00000125991,1.1597058,2.3068109,2
ENSG00000151208,1.1317499,0.5237465,2
ENSG00000054523,1.1494927,0.6180481,2
ENSG00000132471,1.1796522,1.2477279,2
ENSG00000149428,1.1705556,1.8234743,2
ENSG00000160194,1.1842399,1.3893433,2
ENSG00000051382,1.1564841,0.29225606,2
ENSG00000118894,1.1393605,0.5843312,2
ENSG00000013523,1.1262448,1.0895519,2
ENSG00000011422,1.1424557,0.8175654,2
ENSG00000178691,1.1374156,1.4340897,2
ENSG00000160058,1.1880566,1.9009676,2
ENSG00000118096,1.1539865,1.2567178,2
ENSG00000077238,1.136798,0.38560626,2
ENSG00000107262,1.1169925,1.4219328,2
ENSG00000135720,1.1639884,1.1417632,2
ENSG00000163029,1.1695547,1.3718065,2
ENSG00000138802,1.1364508,1.5811529,2
ENSG00000072778,1.1531037,1.9124346,2
ENSG00000145919,1.1255121,1.3215984,2
ENSG00000155229,1.1773766,1.5469127,2
ENSG00000143252,1.1812191,2.125839,2
ENSG00000165233,1.1253802,0.95279247,2
ENSG00000111832,1.1635859,1.4348881,2
ENSG00000008394,1.1193097,1.5941715,2
ENSG00000108953,1.140301,2.6164966,2
ENSG00000173436,1.2235764,1.8592584,2
ENSG00000105298,1.1898378,0.73798734,2
ENSG00000118513,1.1353505,1.5161386,2
ENSG00000152457,1.1385654,0.78746045,2
ENSG00000090612,1.1490965,0.31806335,2
ENSG00000109606,1.1304185,2.2482677,2
ENSG00000143252,1.1814083,2.069742,2
ENSG00000143294,1.1393442,1.1451964,2
ENSG00000007341,1.1677114,0.6294096,2
ENSG00000157045,1.1642498,1.4587889,2
ENSG00000204344,1.2339439,0.5289167,2
ENSG00000166526,1.1430327,0.68394715,2
ENSG00000136628,1.1715968,2.0364292,2
ENSG00000188917,1.1432636,1.1844075,2
ENSG00000175390,1.1386507,0.045322977,2
ENSG00000092108,1.1753097,1.5899496,2
ENSG00000171566,1.1567532,1.0068938,2
ENSG00000134717,1.1728663,1.7548832,2
ENSG00000172244,1.172939,1.2148439,2
ENSG00000132024,1.1519626,0.41664052,2
ENSG00000048028,1.1552641,1.1775365,2
ENSG00000166166,1.1175933,0.67117286,2
ENSG00000058668,1.1590704,1.4510185,2
ENSG00000127314,1.1715991,0.9106244,2
ENSG00000064933,1.1253376,1.0744507,2
ENSG00000110442,1.1482346,1.4581845,2
ENSG00000105173,1.1534066,1.2895889,2
ENSG00000127507,1.1457232,0.34830487,2
ENSG00000068903,1.1874607,1.0770043,2
ENSG00000214413,1.1842316,0.7558749,2
ENSG00000196504,1.2044435,1.9142374,2
ENSG00000136521,1.176569,1.8755243,2
ENSG00000105669,1.2091366,2.185967,2
ENSG00000074621,1.1425195,0.5865873,2
ENSG00000168610,1.172835,1.5813807,2
ENSG00000115840,1.156127,1.3422252,2
ENSG00000166153,1.1633208,0.6232493,2
ENSG00000175662,1.1462977,0.17609125,2
ENSG00000169188,1.1357288,1.4107772,2
ENSG00000188612,1.1990137,2.5594876,2
ENSG00000174446,1.1777663,0.5237465,2
ENSG00000010292,1.1758835,1.6140531,2
ENSG00000104325,1.1610405,1.6917886,2
ENSG00000136231,1.142544,1.594503,2
ENSG00000137074,1.1352618,1.2169572,2
ENSG00000111726,1.137907,1.6955693,2
ENSG00000188186,1.1608111,1.8630253,2
ENSG00000166333,1.1703236,1.8258154,2
ENSG00000137411,1.1858193,0.8920946,2
ENSG00000087088,1.159008,1.2968844,2
ENSG00000131263,1.1085657,1.2875779,2
ENSG00000157326,1.1665428,0.6180481,2
ENSG00000112739,1.1482021,1.7034633,2
ENSG00000249115,1.1621907,0.9973864,2
ENSG00000136824,1.140234,1.2792106,2
ENSG00000171130,1.1383638,0.5428254,2
ENSG00000060237,1.1321764,1.0277572,2
ENSG00000130244,1.1548247,1.0496056,2
ENSG00000217555,1.1728601,1.045714,2
ENSG00000184752,1.152791,2.2337828,2
ENSG00000118961,1.1562527,1.4274861,2
ENSG00000117569,1.1221367,1.1417632,2
ENSG00000039319,1.1430202,0.651278,2
ENSG00000138434,1.1522906,1.3289908,2
ENSG00000082805,1.1337234,0.25285304,2
ENSG00000186020,1.1357886,1.0034605,2
ENSG00000180964,1.1289523,1.6971421,2
ENSG00000087884,1.1417593,1.0174507,2
ENSG00000165304,1.1454937,0.8881795,2
ENSG00000112335,1.1683091,2.4462264,2
ENSG00000151474,1.1303525,0.4393327,2
ENSG00000120899,1.1436193,1.148911,2
ENSG00000128463,1.1629984,1.7747359,2
ENSG00000115020,1.149771,0.40312052,2
ENSG00000066933,1.1416343,0.34439227,2
ENSG00000138376,1.1073766,0.68214506,2
ENSG00000171163,1.1927364,1.5379449,2
ENSG00000221829,1.1500871,1.0366288,2
ENSG00000147996,1.1290677,1.0813473,2
ENSG00000008294,1.1634793,1.3517963,2
ENSG00000128524,1.227546,2.616339,2
ENSG00000123473,1.2058138,1.6420686,2
ENSG00000126391,1.1610985,0.86332285,2
ENSG00000143612,1.1925434,2.301681,2
ENSG00000112855,1.1654613,0.94398886,2
ENSG00000140941,1.178407,1.4902395,2
ENSG00000066455,1.1355143,1.2062861,2
ENSG00000099326,1.1792345,0.26245108,2
ENSG00000123562,1.1148589,2.4558494,2
ENSG00000134905,1.1438352,1.133539,2
ENSG00000172531,1.1713591,1.8176975,2
