,PredExpr,ActualExpr,CellLine,PredPsi,ActualPsi,fold_idx
ENSG00000146263,0.09905255,1.4222615,GM12878,0.5247429,0.52964425,1
ENSG00000146263,0.008181694,1.4222615,GM12878,0.5020454,0.05272839,1
ENSG00000154640,0.0668765,1.506505,GM12878,0.5167129,0.13386454,1
ENSG00000161677,0.6563654,0.47421625,GM12878,0.65844345,0.7342342,1
ENSG00000100614,0.008998703,1.1455072,GM12878,0.50224966,0.09090909,1
ENSG00000100614,0.011413044,1.1455072,GM12878,0.5028532,0.3875969,1
ENSG00000088766,0.03411496,2.1314902,GM12878,0.5085279,0.72707427,1
ENSG00000103490,0.005314302,1.1826999,GM12878,0.5013286,0.43558952,1
ENSG00000095261,0.009936733,2.0013442,GM12878,0.50248414,0.9946043,1
ENSG00000095261,0.073581986,2.0013442,GM12878,0.5183872,0.9989041,1
ENSG00000170004,0.08954261,1.0318123,GM12878,0.5223707,0.6485437,1
ENSG00000170004,0.031152561,1.0318123,GM12878,0.5077875,1.0,1
ENSG00000085511,0.02186261,1.512551,GM12878,0.5054654,0.008333334,1
ENSG00000085511,0.05226992,1.512551,GM12878,0.5130645,0.325,1
ENSG00000085511,0.0036284304,1.512551,GM12878,0.5009071,0.1582015,1
ENSG00000184470,0.30830494,1.7525094,GM12878,0.57647145,0.98085237,1
ENSG00000113593,0.14217724,1.2151086,GM12878,0.5354845,0.019730942,1
ENSG00000113593,0.008788687,1.2151086,GM12878,0.50219715,1.0,1
ENSG00000100813,0.039084096,2.050882,GM12878,0.50976974,0.39650038,1
ENSG00000100813,0.006177856,2.050882,GM12878,0.5015445,0.03538874,1
ENSG00000047849,0.3501305,1.6821451,GM12878,0.58664924,0.14876033,1
ENSG00000047849,0.031201988,1.6821451,GM12878,0.50779986,0.0,1
ENSG00000047849,0.007882455,1.6821451,GM12878,0.5019706,1.0,1
ENSG00000047849,0.01259045,1.6821451,GM12878,0.50314754,1.0,1
ENSG00000153130,0.0045231963,1.3856063,GM12878,0.5011308,0.9550562,1
ENSG00000139180,0.016363068,1.8949803,GM12878,0.50409067,0.85535055,1
ENSG00000112419,0.018697366,1.0633334,GM12878,0.5046742,0.61854684,1
ENSG00000147133,0.09208308,1.1866739,GM12878,0.52300453,0.19439869,1
ENSG00000174695,0.11577151,1.9528408,GM12878,0.5289106,0.69350886,1
ENSG00000106305,0.13823597,1.6998377,GM12878,0.53450406,0.9602434,1
ENSG00000130517,0.015014437,1.5071809,GM12878,0.50375354,0.91016203,1
ENSG00000130517,0.005925938,1.5071809,GM12878,0.5014815,0.17269076,1
ENSG00000113387,0.00607457,2.4483197,GM12878,0.5015186,0.72175646,1
ENSG00000121897,0.12816025,1.5494937,GM12878,0.5319963,0.53435117,1
ENSG00000100883,0.047220066,1.3882788,GM12878,0.51180285,0.9866989,1
ENSG00000133247,0.06538158,1.3780344,GM12878,0.51633954,1.0,1
ENSG00000204576,0.01622005,1.5137502,GM12878,0.5040549,0.081560284,1
ENSG00000204576,0.041170564,1.5137502,GM12878,0.51029116,0.026722338,1
ENSG00000105926,0.042711556,1.1417632,GM12878,0.51067626,0.11132076,1
ENSG00000103254,0.00796041,1.262451,GM12878,0.5019901,0.4591961,1
ENSG00000170759,0.010987466,1.5418288,GM12878,0.5027468,0.9985599,1
ENSG00000175455,0.0043120957,2.0475085,GM12878,0.501078,0.4360465,1
ENSG00000175455,0.007924724,2.0475085,GM12878,0.50198114,0.9481589,1
ENSG00000114346,0.03427575,1.5780659,GM12878,0.5085681,0.051425032,1
ENSG00000114346,0.012641252,1.5780659,GM12878,0.5031603,0.039831303,1
ENSG00000115839,0.0070171105,1.2392995,GM12878,0.5017543,0.0,1
ENSG00000131725,0.09382606,1.1182647,GM12878,0.5234393,0.96743697,1
ENSG00000131725,0.20387271,1.1182647,GM12878,0.5507924,0.9755134,1
ENSG00000131725,0.19402294,1.1182647,GM12878,0.54835415,0.24802528,1
ENSG00000255561,0.024930708,0.60422605,GM12878,0.5062323,0.67346936,1
ENSG00000123609,0.018868567,1.0895519,GM12878,0.504717,0.981893,1
ENSG00000198663,0.041968614,1.8723311,GM12878,0.5104906,0.39938298,1
ENSG00000074755,0.5494881,0.9216865,GM12878,0.6340168,0.83932346,1
ENSG00000120616,0.0043619974,1.5609821,GM12878,0.50109047,0.094292805,1
ENSG00000116459,0.008410933,2.9553509,GM12878,0.50210273,0.9992859,1
ENSG00000116459,0.006121052,2.9553509,GM12878,0.50153023,0.28907296,1
ENSG00000119689,0.030591398,1.764475,GM12878,0.5076473,1.0,1
ENSG00000119689,0.12282225,1.764475,GM12878,0.530667,0.9682111,1
ENSG00000119689,0.06933056,1.764475,GM12878,0.5173257,1.0,1
ENSG00000119689,0.040801708,1.764475,GM12878,0.510199,0.9920017,1
ENSG00000115459,0.044607557,1.1215599,GM12878,0.51115006,0.8787879,1
ENSG00000115459,0.017008837,1.1215599,GM12878,0.50425214,0.97029704,1
ENSG00000115459,0.0116383685,1.1215599,GM12878,0.50290954,0.5811966,1
ENSG00000115459,0.17704311,1.1215599,GM12878,0.5441455,0.7777778,1
ENSG00000115459,0.019049974,1.1215599,GM12878,0.50476235,0.37738854,1
ENSG00000171735,0.0083879065,1.6076695,GM12878,0.50209695,0.7521558,1
ENSG00000171735,0.021461554,1.6076695,GM12878,0.5053652,0.89261746,1
ENSG00000078674,0.029770443,1.905148,GM12878,0.50744206,0.9422572,1
ENSG00000078674,0.19787367,1.905148,GM12878,0.54930764,0.09034908,1
ENSG00000078674,0.3222355,1.905148,GM12878,0.579869,0.62175816,1
ENSG00000078674,0.011248475,1.905148,GM12878,0.5028121,0.3188192,1
ENSG00000088325,0.0098507255,1.8913144,GM12878,0.5024626,0.0069444445,1
ENSG00000136770,0.053737864,1.6759615,GM12878,0.51343125,0.943761,1
ENSG00000109466,0.12701268,0.92376196,GM12878,0.53171057,0.03074141,1
ENSG00000109466,0.044861417,0.92376196,GM12878,0.5112135,0.95035464,1
ENSG00000109466,0.04699202,0.92376196,GM12878,0.5117458,0.752,1
ENSG00000109466,0.07562596,0.92376196,GM12878,0.5188975,0.248,1
ENSG00000162585,0.08880389,0.9708116,GM12878,0.5221864,0.057788946,1
ENSG00000162585,0.03437776,0.9708116,GM12878,0.50859356,0.5893617,1
ENSG00000131263,0.007614196,1.2873538,GM12878,0.50190353,0.23120788,1
ENSG00000198315,0.6352826,1.391993,GM12878,0.6536863,0.0050697085,1
ENSG00000117362,0.09255287,1.9643539,GM12878,0.5231217,0.9988132,1
ENSG00000117362,0.029308472,1.9643539,GM12878,0.5073266,0.98787576,1
ENSG00000060237,0.014111152,1.378398,GM12878,0.50352776,0.0,1
ENSG00000060237,0.00676802,1.378398,GM12878,0.501692,0.0,1
ENSG00000112759,0.0102277035,2.1431086,GM12878,0.50255686,0.1649761,1
ENSG00000128294,0.0041538347,1.9933039,GM12878,0.50103843,0.98875254,1
ENSG00000133104,0.018015787,1.4769765,GM12878,0.50450385,0.006185567,1
ENSG00000135596,0.037261132,0.9708116,GM12878,0.5093142,0.7375479,1
ENSG00000100296,0.023431279,1.6893977,GM12878,0.5058575,0.10242086,1
ENSG00000100296,0.013894093,1.6893977,GM12878,0.50347346,0.39478585,1
ENSG00000100296,0.047626454,1.6893977,GM12878,0.51190436,0.14473684,1
ENSG00000108433,0.041264515,1.875929,GM12878,0.51031464,0.9965841,1
ENSG00000057252,0.009454895,1.295127,GM12878,0.50236374,1.0,1
ENSG00000057252,0.0144618265,1.295127,GM12878,0.5036154,0.8451087,1
ENSG00000138078,0.003941579,1.6208645,GM12878,0.5009854,0.9982614,1
ENSG00000138078,0.0036241987,1.6208645,GM12878,0.500906,0.34531185,1
ENSG00000172366,0.029506473,1.5186455,GM12878,0.5073761,0.9049128,1
ENSG00000164941,0.19629021,2.1622655,GM12878,0.54891557,0.019581057,1
ENSG00000164941,0.16027947,2.1622655,GM12878,0.5399843,0.16142987,1
ENSG00000164941,0.12969914,2.1622655,GM12878,0.5323794,0.33447176,1
ENSG00000170502,0.061306983,1.1417632,GM12878,0.5153219,0.9889737,1
ENSG00000149257,0.061928906,1.8301394,GM12878,0.51547724,0.0038885288,1
ENSG00000101972,0.03692259,1.8057727,GM12878,0.5092296,0.19285715,1
ENSG00000101972,0.009979952,1.8057727,GM12878,0.502495,0.21381299,1
ENSG00000198498,0.012137315,1.304275,GM12878,0.5030343,0.9175986,1
ENSG00000105483,0.029137854,1.1658376,GM12878,0.5072839,0.832021,1
ENSG00000105483,0.029609589,1.1658376,GM12878,0.5074019,0.49612403,1
ENSG00000105483,0.026319735,1.1658376,GM12878,0.5065796,0.6747573,1
ENSG00000105483,0.36386728,1.1658376,GM12878,0.58997625,0.007142857,1
ENSG00000105483,0.24597819,1.1658376,GM12878,0.5611864,0.15827338,1
ENSG00000105483,0.20206548,1.1658376,GM12878,0.5503452,0.71253073,1
ENSG00000105483,0.021357125,1.1658376,GM12878,0.5053391,0.81225556,1
ENSG00000156261,0.45813653,2.6973863,GM12878,0.612572,0.9807207,1
ENSG00000185324,0.43766528,1.7200766,GM12878,0.60770255,0.80841875,1
ENSG00000168256,0.14481722,1.4171394,GM12878,0.53614116,0.4,1
ENSG00000186812,0.014159547,1.2169572,GM12878,0.5035398,0.98644984,1
ENSG00000070614,0.98479986,1.024075,GM12878,0.7280596,0.9549266,1
ENSG00000189308,0.0018224361,1.2172207,GM12878,0.5004556,0.9314159,1
ENSG00000189308,0.014040162,1.2172207,GM12878,0.50351,0.9028213,1
ENSG00000153179,0.14622469,1.2857822,GM12878,0.53649116,0.98282146,1
ENSG00000183955,0.10323655,1.8150462,GM12878,0.5257862,0.4181232,1
ENSG00000171155,0.0040502525,1.2052044,GM12878,0.5010125,0.0056461734,1
ENSG00000076984,0.00940464,1.0831442,GM12878,0.50235116,0.726087,1
ENSG00000076984,0.014999882,1.0831442,GM12878,0.50374985,0.06877729,1
ENSG00000155256,0.55787915,1.2365372,GM12878,0.63596165,0.25613078,1
ENSG00000155256,0.32276478,1.2365372,GM12878,0.5799979,0.0,1
ENSG00000012048,0.028768815,1.7555699,GM12878,0.5071917,0.96217495,1
ENSG00000012048,0.0050889812,1.7555699,GM12878,0.5012722,0.012891345,1
ENSG00000012048,0.0060554873,1.7555699,GM12878,0.50151384,0.9944522,1
ENSG00000012048,0.0075764125,1.7555699,GM12878,0.50189406,0.04164077,1
ENSG00000012048,0.012363762,1.7555699,GM12878,0.5030909,1.0,1
ENSG00000166411,0.01116681,1.9022205,GM12878,0.5027917,0.9925909,1
ENSG00000148660,0.043936286,1.4977587,GM12878,0.5109823,0.09283196,1
ENSG00000148660,0.16022402,1.4977587,GM12878,0.5399705,0.087190524,1
ENSG00000205423,0.005084334,1.1934029,GM12878,0.50127107,0.060165975,1
ENSG00000205423,0.006116424,1.1934029,GM12878,0.5015291,0.9239766,1
ENSG00000173542,0.09603969,1.4020894,GM12878,0.52399147,0.34406438,1
ENSG00000164615,0.12533687,0.9831751,GM12878,0.5312932,0.68592435,1
ENSG00000153560,0.051419314,2.0281236,GM12878,0.51285195,0.2793773,1
ENSG00000163006,0.023709387,1.0874264,GM12878,0.505927,0.73622507,1
ENSG00000149600,0.0210049,1.7228806,GM12878,0.50525105,0.062436447,1
ENSG00000103494,0.36327693,0.79028517,GM12878,0.58983344,0.45697328,1
ENSG00000103494,0.064898,0.79028517,GM12878,0.5162188,0.5430267,1
ENSG00000213523,0.349746,1.5017437,GM12878,0.58655596,0.7251462,1
ENSG00000239282,0.012218971,0.35983548,GM12878,0.5030547,0.84102565,1
ENSG00000172954,0.14425895,1.2013972,GM12878,0.53600234,0.022134388,1
ENSG00000172954,0.067179866,1.2013972,GM12878,0.5167886,0.046831954,1
ENSG00000138375,0.0051536597,1.349666,GM12878,0.5012884,0.94951236,1
ENSG00000130396,0.011727799,1.8774289,GM12878,0.5029319,0.0026785715,1
ENSG00000164338,0.5340162,1.3579348,GM12878,0.6304193,0.7909968,1
ENSG00000129317,0.10312711,1.3016809,GM12878,0.5257589,0.5429395,1
ENSG00000149182,0.0014870954,1.9257245,GM12878,0.5003718,0.9946437,1
ENSG00000141551,0.0035527977,1.8447877,GM12878,0.50088817,0.30826694,1
ENSG00000141551,0.0037710206,1.8447877,GM12878,0.50094277,0.0,1
ENSG00000141551,0.12416563,1.8447877,GM12878,0.53100157,0.98527527,1
ENSG00000141551,0.12506263,1.8447877,GM12878,0.53122497,0.8973761,1
ENSG00000177463,0.04374666,1.1889285,GM12878,0.5109349,0.9508526,1
ENSG00000135677,0.0034475783,1.3802112,GM12878,0.5008619,0.7834483,1
ENSG00000135677,0.022640657,1.3802112,GM12878,0.5056599,0.0,1
ENSG00000141504,0.25615367,0.4593925,GM12878,0.56369054,0.79831934,1
ENSG00000166478,0.060996164,1.6517625,GM12878,0.5152443,0.94810814,1
ENSG00000166946,0.16595505,1.913443,GM12878,0.5413938,0.6080692,1
ENSG00000166946,0.010716468,1.913443,GM12878,0.5026791,0.67192227,1
ENSG00000188566,0.0060600056,0.8363241,GM12878,0.501515,0.73634654,1
ENSG00000114125,0.009803336,1.8663465,GM12878,0.5024508,0.0017626322,1
ENSG00000114125,0.009803336,1.8663465,GM12878,0.5024508,0.25721154,1
ENSG00000131381,0.078719296,1.108565,GM12878,0.51966965,0.89359784,1
ENSG00000135090,0.012295145,1.6541766,GM12878,0.50307375,0.9892819,1
ENSG00000135090,0.01387231,1.6541766,GM12878,0.50346804,0.0,1
ENSG00000164306,0.0071720933,1.3852487,GM12878,0.50179297,0.75545853,1
ENSG00000164306,0.021078533,1.3852487,GM12878,0.5052694,1.0,1
ENSG00000112983,0.04447299,2.1198494,GM12878,0.5111164,0.9926987,1
ENSG00000112983,0.013128257,2.1198494,GM12878,0.503282,0.997669,1
ENSG00000131389,0.416055,1.8201357,GM12878,0.6025389,0.061821938,1
ENSG00000131389,0.4249661,1.8201357,GM12878,0.604671,0.6501157,1
ENSG00000159110,0.034198355,1.6172101,GM12878,0.50854874,0.81904763,1
ENSG00000143748,0.015473735,1.6162654,GM12878,0.50386834,0.0,1
ENSG00000143748,0.021733588,1.6162654,GM12878,0.5054332,0.91403216,1
ENSG00000143748,0.018613918,1.6162654,GM12878,0.50465333,1.0,1
ENSG00000143748,0.011953307,1.6162654,GM12878,0.5029883,0.18128343,1
ENSG00000258289,0.03867211,1.8930401,GM12878,0.5096668,0.04516959,1
ENSG00000258289,0.010497736,1.8930401,GM12878,0.5026244,0.19095615,1
ENSG00000091592,0.006874917,1.5407047,GM12878,0.5017187,0.46535432,1
ENSG00000091592,0.0073437584,1.5407047,GM12878,0.50183594,0.77480316,1
ENSG00000153944,0.4625916,1.5294304,GM12878,0.6136288,0.0,1
ENSG00000134452,0.014157151,1.838912,GM12878,0.5035392,0.0008807986,1
ENSG00000103126,0.008921961,0.9132839,GM12878,0.50223047,0.0926893,1
ENSG00000164933,0.6100543,1.3902284,GM12878,0.6479532,0.8848983,1
ENSG00000005889,0.019088238,1.0338256,GM12878,0.5047719,0.94736844,1
ENSG00000005889,0.0053007607,1.0338256,GM12878,0.5013252,0.055944055,1
ENSG00000005889,0.07769629,1.0338256,GM12878,0.5194143,0.94736844,1
ENSG00000104756,0.0069911517,1.5872618,GM12878,0.5017478,0.12974887,1
ENSG00000115368,0.005564917,1.839855,GM12878,0.50139123,0.0028753993,1
ENSG00000089060,0.07061035,1.2387986,GM12878,0.51764524,0.022988506,1
ENSG00000089060,0.32929352,1.2387986,GM12878,0.58158743,1.0,1
ENSG00000117153,0.046584185,1.7761198,GM12878,0.51164395,0.84953916,1
ENSG00000163297,0.04746569,1.7112166,GM12878,0.5118642,0.14114474,1
ENSG00000135250,0.016729858,1.1640553,GM12878,0.5041824,0.0,1
ENSG00000065559,0.08373704,1.0503798,GM12878,0.520922,0.046622265,1
ENSG00000170545,0.0036147356,1.6559064,GM12878,0.50090367,0.021474773,1
ENSG00000155330,0.20821634,0.7512791,GM12878,0.5518668,0.8953069,1
ENSG00000175764,0.052377924,0.28103337,GM12878,0.5130915,0.39759037,1
ENSG00000110442,0.010477364,1.548635,GM12878,0.5026193,0.834731,1
ENSG00000110442,0.2219014,1.548635,GM12878,0.5552488,0.3957362,1
ENSG00000244005,0.24775214,1.762003,GM12878,0.5616231,0.7732558,1
ENSG00000134852,0.8973065,0.9872192,GM12878,0.7103957,0.20596206,1
ENSG00000213782,0.17085257,1.5390761,GM12878,0.5426096,0.98846036,1
ENSG00000213782,0.056960694,1.5390761,GM12878,0.5142363,0.99616724,1
ENSG00000071054,0.013701794,1.5724069,GM12878,0.50342536,0.41871583,1
ENSG00000071054,0.009267716,1.5724069,GM12878,0.5023169,0.58128417,1
ENSG00000071054,0.003393276,1.5724069,GM12878,0.5008483,0.38251367,1
ENSG00000040199,0.13704337,0.67851835,GM12878,0.5342073,0.934375,1
ENSG00000105879,0.028727017,1.1667261,GM12878,0.5071812,0.09168444,1
ENSG00000102181,0.08648108,1.0277572,GM12878,0.5216068,0.0059464816,1
ENSG00000102181,0.004587088,1.0277572,GM12878,0.50114673,0.03196803,1
ENSG00000106588,0.024212861,2.439396,GM12878,0.5060529,0.026356248,1
ENSG00000106588,0.03686375,2.439396,GM12878,0.5092149,0.9870277,1
ENSG00000162337,0.906587,0.8095597,GM12878,0.71230125,0.9589041,1
ENSG00000162337,0.88187563,0.8095597,GM12878,0.7072108,0.04109589,1
ENSG00000092140,0.07033655,1.3483049,GM12878,0.51757693,0.0,1
ENSG00000092140,0.3245092,1.3483049,GM12878,0.5804228,0.36998436,1
ENSG00000092140,0.17056568,1.3483049,GM12878,0.5425383,0.9838458,1
ENSG00000092140,0.6672883,1.3483049,GM12878,0.66089565,0.9838458,1
ENSG00000198815,0.4824858,1.5493711,GM12878,0.6183347,0.12862797,1
ENSG00000140941,0.96858585,1.4988617,GM12878,0.72483754,0.00843608,1
ENSG00000086666,0.43770355,2.2094615,GM12878,0.6077117,0.21564482,1
ENSG00000086666,0.38447586,2.2094615,GM12878,0.59495217,0.12910798,1
ENSG00000086666,0.014524245,2.2094615,GM12878,0.503631,0.084527224,1
ENSG00000140525,0.056595117,2.0689647,GM12878,0.514145,0.9704554,1
ENSG00000140525,0.0573251,2.0689647,GM12878,0.51432735,0.9966874,1
ENSG00000108848,0.0048572337,2.1651256,GM12878,0.50121427,0.9673042,1
ENSG00000108848,0.1556826,2.1651256,GM12878,0.5388422,0.0,1
ENSG00000108848,0.0044567757,2.1651256,GM12878,0.5011142,1.0,1
ENSG00000114573,0.09264012,1.5682018,GM12878,0.5231435,0.108774476,1
ENSG00000115966,0.01066636,1.9419584,GM12878,0.50266653,0.006829017,1
ENSG00000115966,0.0068529593,1.9419584,GM12878,0.5017132,0.32899937,1
ENSG00000115966,0.014564844,1.9419584,GM12878,0.5036411,0.99808794,1
ENSG00000115966,0.019723881,1.9419584,GM12878,0.5049308,0.68267035,1
ENSG00000115966,0.23811299,1.9419584,GM12878,0.55924857,0.30421573,1
ENSG00000079387,0.1272051,1.6055205,GM12878,0.5317585,0.29693994,1
ENSG00000122257,0.010133736,1.7715139,GM12878,0.5025334,0.82570165,1
ENSG00000101109,0.011170855,1.3163898,GM12878,0.50279266,1.0,1
ENSG00000101109,0.4555077,1.3163898,GM12878,0.61194795,0.11800895,1
ENSG00000007923,0.040074248,1.5790973,GM12878,0.5100172,0.98521185,1
ENSG00000075975,0.41679698,1.7091851,GM12878,0.6027165,0.9345072,1
ENSG00000128989,0.06193274,1.8641549,GM12878,0.5154782,0.011111111,1
ENSG00000128989,0.030934453,1.8641549,GM12878,0.507733,0.96421844,1
ENSG00000237441,0.009843176,1.6909931,GM12878,0.5024608,0.37724772,1
ENSG00000237441,0.006288895,1.6909931,GM12878,0.5015722,0.40780142,1
ENSG00000102543,0.024447462,0.54157925,GM12878,0.50611156,0.09967846,1
ENSG00000127511,0.12541816,1.2089785,GM12878,0.5313135,0.2615063,1
ENSG00000151287,0.08214446,1.3982873,GM12878,0.52052456,0.75855047,1
ENSG00000151287,0.009493225,1.3982873,GM12878,0.5023733,0.58589745,1
ENSG00000143507,0.18048427,0.29885307,GM12878,0.544999,0.93048126,1
ENSG00000242028,0.012026192,1.3168087,GM12878,0.50300646,0.1525,1
ENSG00000204152,0.14506708,1.4112829,GM12878,0.5362033,0.55016583,1
ENSG00000204152,0.012815235,1.4112829,GM12878,0.50320375,0.87429494,1
ENSG00000204152,0.16569589,1.4112829,GM12878,0.54132944,0.060747664,1
ENSG00000163002,0.84422,1.5519377,GM12878,0.6993533,0.874599,1
ENSG00000077044,0.07394206,1.1964525,GM12878,0.5184771,0.01369863,1
ENSG00000005100,0.4716329,1.0098757,GM12878,0.61577016,0.99703556,1
ENSG00000005100,0.7281149,1.0098757,GM12878,0.67439145,0.83054894,1
ENSG00000107560,0.013897772,0.47129172,GM12878,0.50347435,0.13718411,1
ENSG00000094914,0.012886516,1.8744239,GM12878,0.5032216,0.97541666,1
ENSG00000124275,0.09731625,1.7449186,GM12878,0.5243099,0.50899744,1
ENSG00000124275,0.08554132,1.7449186,GM12878,0.5213723,0.7166172,1
ENSG00000167851,0.003121241,0.923244,GM12878,0.5007803,0.8367953,1
ENSG00000167851,0.0128212515,0.923244,GM12878,0.5032053,0.8938307,1
ENSG00000131845,0.0076051215,0.59439254,GM12878,0.50190127,0.098958336,1
ENSG00000131845,0.05275172,0.59439254,GM12878,0.51318485,0.0078125,1
ENSG00000085382,0.039864488,1.1643529,GM12878,0.5099648,0.050454922,1
ENSG00000085382,0.13332854,1.1643529,GM12878,0.5332829,0.07457212,1
ENSG00000104331,0.29518723,1.2432861,GM12878,0.5732656,0.16158712,1
ENSG00000109083,0.012438034,1.4696748,GM12878,0.50310946,0.0016666667,1
ENSG00000109083,0.017507246,1.4696748,GM12878,0.5043767,0.38082558,1
ENSG00000117697,0.36669934,1.7163373,GM12878,0.59066117,0.6191868,1
ENSG00000117697,0.27866697,1.7163373,GM12878,0.5692194,0.2520064,1
ENSG00000144827,0.52569675,1.3686587,GM12878,0.6284789,0.9423265,1
ENSG00000077721,0.082678,1.6952189,GM12878,0.5206577,0.97195935,1
ENSG00000137274,0.12549153,1.0870712,GM12878,0.5313318,0.1508772,1
ENSG00000198130,0.005339089,1.3565995,GM12878,0.5013348,0.94187427,1
ENSG00000137100,0.17460947,1.6769679,GM12878,0.5435418,0.9385354,1
ENSG00000188938,0.049291383,1.4747988,GM12878,0.51232034,0.40563276,1
ENSG00000184863,0.031542424,1.1225436,GM12878,0.5078849,0.15447155,1
ENSG00000137776,0.86914104,1.4814426,GM12878,0.70456696,1.0,1
ENSG00000137776,0.014309503,1.4814426,GM12878,0.5035773,1.0,1
ENSG00000137776,0.0057631093,1.4814426,GM12878,0.50144076,1.0,1
ENSG00000177674,0.0818298,1.6931992,GM12878,0.520446,0.9854862,1
ENSG00000177674,0.07473803,1.6931992,GM12878,0.5186758,0.12926391,1
ENSG00000149557,0.0030744886,0.9768083,GM12878,0.5007686,0.9452888,1
ENSG00000180353,0.069827855,1.4151404,GM12878,0.51744986,0.9976884,1
ENSG00000180353,0.04590909,1.4151404,GM12878,0.51147527,0.9863732,1
ENSG00000141378,0.034004454,2.0546513,GM12878,0.5085003,0.11887528,1
ENSG00000011478,0.052572623,1.1610684,GM12878,0.5131401,0.95166165,1
ENSG00000013523,0.004986252,1.2442771,GM12878,0.5012466,0.031173093,1
ENSG00000072778,0.0046695773,2.4509108,GM12878,0.5011674,0.9687653,1
ENSG00000215301,0.017066551,1.83531,GM12878,0.50426656,0.982438,1
ENSG00000215301,0.13256532,1.83531,GM12878,0.5330929,0.99435025,1
ENSG00000215301,0.14872696,1.83531,GM12878,0.5371133,1.0,1
ENSG00000136877,0.08463136,1.6915236,GM12878,0.5211452,1.0,1
ENSG00000132768,0.032617304,1.7294078,GM12878,0.5081536,0.9964017,1
ENSG00000057608,0.10075079,2.2882044,GM12878,0.5251664,0.9171791,1
ENSG00000104886,0.072263345,1.7879561,GM12878,0.51805794,0.95353985,1
ENSG00000124067,0.014385527,1.4531654,GM12878,0.5035963,0.08283518,1
ENSG00000124067,0.004359517,1.4531654,GM12878,0.5010899,0.76568264,1
ENSG00000173889,0.047282472,1.3316298,GM12878,0.5118184,0.43304536,1
ENSG00000123240,0.012509328,0.59106463,GM12878,0.5031273,0.459854,1
ENSG00000104064,0.49375877,1.5142821,GM12878,0.6209915,0.98830616,1
ENSG00000104064,0.01181875,1.5142821,GM12878,0.5029546,0.107234314,1
ENSG00000168826,0.04503457,0.5646661,GM12878,0.5112567,0.8655462,1
ENSG00000198624,0.08250985,0.97127587,GM12878,0.52061576,0.64593303,1
ENSG00000117691,0.032938153,1.8467699,GM12878,0.5082338,0.6351626,1
ENSG00000117691,0.026471095,1.8467699,GM12878,0.50661737,0.87539047,1
ENSG00000104529,0.0069992044,2.441538,GM12878,0.50174975,0.6294904,1
ENSG00000104529,0.16921303,2.441538,GM12878,0.5422026,0.01619819,1
ENSG00000104529,0.03231668,2.441538,GM12878,0.50807846,0.8068182,1
ENSG00000113163,0.0123483185,0.9148718,GM12878,0.50308704,1.0,1
ENSG00000113163,0.31222442,0.9148718,GM12878,0.57742816,0.0,1
ENSG00000105669,0.0075277193,2.2256453,GM12878,0.5018819,0.95924354,1
ENSG00000105669,0.0057483497,2.2256453,GM12878,0.50143707,0.9065536,1
ENSG00000159314,0.007598657,0.6211763,GM12878,0.50189966,0.9737991,1
ENSG00000159314,0.0073521994,0.6211763,GM12878,0.501838,1.0,1
ENSG00000049541,0.081056945,1.8702283,GM12878,0.5202531,0.8840779,1
ENSG00000165629,0.0076447604,2.8117359,GM12878,0.50191116,0.011742106,1
ENSG00000165629,0.0072816396,2.8117359,GM12878,0.5018204,0.9343917,1
ENSG00000163626,0.006273606,1.2555137,GM12878,0.5015684,0.5716407,1
ENSG00000163626,0.005797124,1.2555137,GM12878,0.5014492,0.43486777,1
ENSG00000101166,0.06424611,1.8483739,GM12878,0.516056,0.7697622,1
ENSG00000174574,0.2930198,1.9673139,GM12878,0.57273525,0.67641276,1
ENSG00000174574,0.041317504,1.9673139,GM12878,0.5103279,0.94608474,1
ENSG00000169299,0.42479393,1.7277039,GM12878,0.6046298,0.17541112,1
ENSG00000169299,0.039092496,1.7277039,GM12878,0.5097719,0.9394337,1
ENSG00000100592,0.017543346,0.8444772,GM12878,0.5043857,0.69082123,1
ENSG00000100592,0.09417751,0.8444772,GM12878,0.52352697,0.9882075,1
ENSG00000140463,0.09217361,1.7055216,GM12878,0.52302706,0.882232,1
ENSG00000140463,0.029103886,1.7055216,GM12878,0.50727546,0.0,1
ENSG00000213625,0.075433105,1.856608,GM12878,0.5188493,0.0024677296,1
ENSG00000049883,0.016968256,1.3218055,GM12878,0.50424194,0.014989293,1
ENSG00000049883,0.0052918806,1.3218055,GM12878,0.501323,0.8613861,1
ENSG00000049883,0.041418858,1.3218055,GM12878,0.5103532,0.8256513,1
ENSG00000118200,0.014688064,0.3909351,GM12878,0.50367194,0.7007299,1
ENSG00000125459,0.029361073,1.5583485,GM12878,0.5073397,1.0,1
ENSG00000115866,0.046679243,2.2408736,GM12878,0.51166767,0.9185604,1
ENSG00000171307,0.038398296,1.3767594,GM12878,0.5095984,0.030228758,1
ENSG00000171307,0.008765493,1.3767594,GM12878,0.5021913,0.9599673,1
ENSG00000171307,0.004278483,1.3767594,GM12878,0.5010696,0.5661765,1
ENSG00000188603,0.009793152,1.1574568,GM12878,0.50244826,0.0,1
ENSG00000188603,0.009805812,1.1574568,GM12878,0.5024514,0.0,1
ENSG00000188603,0.010062728,1.1574568,GM12878,0.5025157,0.42291373,1
ENSG00000188603,0.010408153,1.1574568,GM12878,0.502602,0.9315069,1
ENSG00000188603,0.010499436,1.1574568,GM12878,0.5026248,1.0,1
ENSG00000188603,0.008883317,1.1574568,GM12878,0.5022208,1.0,1
ENSG00000188603,0.007056057,1.1574568,GM12878,0.501764,0.84720325,1
ENSG00000126581,0.026318267,1.5509617,GM12878,0.5065792,0.96108764,1
ENSG00000126581,0.01672069,1.5509617,GM12878,0.5041801,1.0,1
ENSG00000145901,0.015562807,1.3907585,GM12878,0.50389063,1.0,1
ENSG00000145901,0.009114546,1.3907585,GM12878,0.5022786,0.20212767,1
ENSG00000147180,0.26620808,0.36172783,GM12878,0.56616175,0.2,1
ENSG00000147180,0.00677833,0.36172783,GM12878,0.50169456,0.38636363,1
ENSG00000108784,0.09067331,0.8318698,GM12878,0.5226528,0.9834711,1
ENSG00000125871,0.22279151,1.3825573,GM12878,0.5554686,0.79924065,1
ENSG00000144455,0.0048065013,0.61066014,GM12878,0.5012016,0.9255319,1
ENSG00000144455,0.0043817502,0.61066014,GM12878,0.5010954,0.9765013,1
ENSG00000197530,0.5621058,0.8331471,GM12878,0.6369396,0.9166667,1
ENSG00000197530,0.11916189,0.8331471,GM12878,0.5297553,0.8738739,1
ENSG00000197530,0.055152006,0.8331471,GM12878,0.5137845,0.9380531,1
ENSG00000197530,0.42096183,0.8331471,GM12878,0.60371333,1.0,1
ENSG00000161217,0.0058608083,1.6291037,GM12878,0.5014652,0.58247733,1
ENSG00000101745,0.44263303,0.95085144,GM12878,0.6088863,0.34153005,1
ENSG00000101745,0.4161214,0.95085144,GM12878,0.60255474,0.0076190475,1
ENSG00000125952,0.006653632,1.6181527,GM12878,0.5016634,0.16895334,1
ENSG00000125952,0.028252376,1.6181527,GM12878,0.5070626,0.07826087,1
ENSG00000125952,0.027514746,1.6181527,GM12878,0.50687826,0.41968647,1
ENSG00000159658,0.101669,1.494572,GM12878,0.52539533,0.806212,1
ENSG00000197622,0.01253057,2.2088175,GM12878,0.5031326,0.08533453,1
ENSG00000197622,0.012763027,2.2088175,GM12878,0.5031907,0.03879892,1
ENSG00000177697,0.035537787,2.194209,GM12878,0.50888354,0.2952278,1
ENSG00000103051,0.2536844,1.7604979,GM12878,0.5630832,1.0,1
ENSG00000103051,0.0053110565,1.7604979,GM12878,0.50132775,0.98330843,1
ENSG00000103051,0.008584653,1.7604979,GM12878,0.5021461,0.0,1
ENSG00000103051,0.012405201,1.7604979,GM12878,0.5031013,0.90922767,1
ENSG00000164074,0.0029525876,1.0569048,GM12878,0.50073814,0.45432693,1
ENSG00000164074,0.0074891,1.0569048,GM12878,0.50187224,0.5456731,1
ENSG00000072110,0.07360333,1.5101427,GM12878,0.5183925,0.002302821,1
ENSG00000023902,0.022534776,0.923244,GM12878,0.5056335,0.9973822,1
ENSG00000163882,0.026604615,2.372949,GM12878,0.50665075,0.9684516,1
ENSG00000070367,0.061273422,1.4778445,GM12878,0.51531357,0.53926337,1
ENSG00000123415,0.04988094,1.5917323,GM12878,0.5124676,0.2173913,1
ENSG00000123415,0.12185671,1.5917323,GM12878,0.5304265,0.0786802,1
ENSG00000198814,0.003131906,1.0056094,GM12878,0.50078297,0.03523694,1
ENSG00000198814,0.0026491235,1.0056094,GM12878,0.50066227,0.03523694,1
ENSG00000198814,0.002462651,1.0056094,GM12878,0.50061566,0.5771567,1
ENSG00000179454,0.0337631,0.519828,GM12878,0.50843996,0.0,1
ENSG00000117155,0.025014179,1.6073477,GM12878,0.5062532,0.008943782,1
ENSG00000117155,0.009838771,1.6073477,GM12878,0.50245965,0.8368329,1
ENSG00000177084,0.19897744,1.7036352,GM12878,0.5495809,0.99876493,1
ENSG00000132485,0.06478334,2.2867708,GM12878,0.5161902,0.43776488,1
ENSG00000163291,0.6867738,1.7209858,GM12878,0.6652488,0.2310042,1
ENSG00000163291,0.041640095,1.7209858,GM12878,0.5104085,0.08610272,1
ENSG00000163291,0.37543774,1.7209858,GM12878,0.59277225,0.25784755,1
ENSG00000167182,0.065387405,0.48000693,GM12878,0.516341,0.06962025,1
ENSG00000197713,0.012062323,1.6422666,GM12878,0.5030155,0.0029368575,1
ENSG00000197713,0.32033035,1.6422666,GM12878,0.5794048,0.6555048,1
ENSG00000197713,0.24648175,1.6422666,GM12878,0.56131035,0.082868725,1
ENSG00000197713,0.35924557,1.6422666,GM12878,0.5888578,0.89506525,1
ENSG00000197713,0.26346532,1.6422666,GM12878,0.565488,0.05678422,1
ENSG00000108590,0.004591865,1.3291944,GM12878,0.5011479,0.2831216,1
ENSG00000254093,0.019224035,1.2690457,GM12878,0.50480586,0.7156324,1
ENSG00000139746,0.03816569,1.278525,GM12878,0.50954026,0.114832535,1
ENSG00000164053,0.013634495,0.90902084,GM12878,0.50340855,0.627972,1
ENSG00000164053,0.017793728,0.90902084,GM12878,0.5044483,0.8716216,1
ENSG00000080802,0.16639888,1.154424,GM12878,0.541504,0.14821124,1
ENSG00000080802,0.019006334,1.154424,GM12878,0.50475144,0.0,1
ENSG00000116815,0.10733804,1.8399178,GM12878,0.5268088,0.9824841,1
ENSG00000169100,0.01716586,2.188591,GM12878,0.50429136,0.17115815,1
ENSG00000184381,0.025272667,1.0637085,GM12878,0.50631785,0.20047733,1
ENSG00000184381,0.08102538,1.0637085,GM12878,0.52024525,0.7343283,1
ENSG00000173744,0.030478345,1.8409212,GM12878,0.507619,0.9965221,1
ENSG00000173744,0.02231431,1.8409212,GM12878,0.50557834,0.33338484,1
ENSG00000186716,0.01053675,1.3586961,GM12878,0.50263417,0.7976303,1
ENSG00000186716,0.015313552,1.3586961,GM12878,0.5038283,0.14081997,1
ENSG00000168495,0.02023943,1.5185139,GM12878,0.50505966,0.9945239,1
ENSG00000168495,0.15117131,1.5185139,GM12878,0.53772104,0.9945239,1
ENSG00000009413,0.1907897,1.04883,GM12878,0.54755324,0.8354167,1
ENSG00000165359,0.7979317,1.449941,GM12878,0.68953186,0.95187163,1
ENSG00000083807,0.023657884,1.7733475,GM12878,0.5059142,0.88067985,1
ENSG00000083312,0.1020399,1.7418604,GM12878,0.52548784,0.9415113,1
ENSG00000174669,0.032741956,1.3588862,GM12878,0.50818473,0.9276067,1
ENSG00000170296,0.02351739,2.1009216,GM12878,0.50587904,0.90516126,1
ENSG00000186654,0.092894465,0.9912261,GM12878,0.52320695,0.98540145,1
ENSG00000186654,0.9953458,0.9912261,GM12878,0.73014253,0.64705884,1
ENSG00000076108,0.04446862,1.8205298,GM12878,0.5111153,0.15889744,1
ENSG00000002834,0.5605274,1.6280823,GM12878,0.63657457,0.9976094,1
ENSG00000002834,0.017115662,1.6280823,GM12878,0.50427884,0.0011967449,1
ENSG00000090060,0.009751789,2.1355143,GM12878,0.5024379,0.9929701,1
ENSG00000032444,0.009312771,0.9689497,GM12878,0.50232816,0.8666667,1
ENSG00000032444,0.054357924,0.9689497,GM12878,0.51358616,0.9958763,1
ENSG00000032444,0.07420667,0.9689497,GM12878,0.5185432,0.99148935,1
ENSG00000145916,0.19915497,1.6430577,GM12878,0.5496248,0.6694915,1
ENSG00000145916,0.7044256,1.6430577,GM12878,0.66916823,0.7548638,1
ENSG00000131269,0.014639685,1.5365584,GM12878,0.50365984,0.9871134,1
ENSG00000131269,0.013025994,1.5365584,GM12878,0.50325644,0.9537491,1
ENSG00000131269,0.0291774,1.5365584,GM12878,0.5072938,0.9317477,1
ENSG00000128944,0.005787159,1.7410728,GM12878,0.5014468,0.99629706,1
ENSG00000140319,0.5779346,2.4641616,GM12878,0.64059204,0.0324186,1
ENSG00000140319,0.130294,2.4641616,GM12878,0.53252745,0.013753438,1
ENSG00000162066,0.019982696,1.0824263,GM12878,0.5049955,0.9848101,1
ENSG00000077232,0.69549704,1.5851222,GM12878,0.66718864,0.9609848,1
ENSG00000077232,0.010700551,1.5851222,GM12878,0.5026751,0.014757281,1
ENSG00000077232,0.035609834,1.5851222,GM12878,0.5089015,0.03846154,1
ENSG00000077232,0.012589805,1.5851222,GM12878,0.50314736,0.08199643,1
ENSG00000114098,0.008366113,1.7502769,GM12878,0.5020915,0.41025642,1
ENSG00000114098,0.0088214595,1.7502769,GM12878,0.5022053,0.9179548,1
ENSG00000114098,0.0074295825,1.7502769,GM12878,0.50185734,1.0,1
ENSG00000114098,0.017450707,1.7502769,GM12878,0.5043626,0.92659575,1
ENSG00000172062,0.029390221,1.8569704,GM12878,0.507347,0.96252406,1
ENSG00000172062,0.009007276,1.8569704,GM12878,0.50225174,0.91639,1
ENSG00000144224,0.02063604,1.9483151,GM12878,0.50515884,0.51618737,1
ENSG00000093183,0.013623028,1.6953065,GM12878,0.5034057,0.9790672,1
ENSG00000093183,0.12501921,1.6953065,GM12878,0.5312141,0.035368804,1
ENSG00000165025,0.038158573,0.65513843,GM12878,0.5095385,0.85327315,1
ENSG00000158234,0.09416288,0.19312459,GM12878,0.52352333,0.11016949,1
ENSG00000182718,0.13045135,2.617713,GM12878,0.53256667,0.9988902,1
ENSG00000182718,0.045866974,2.617713,GM12878,0.5114647,0.9893203,1
ENSG00000182718,0.076154605,2.617713,GM12878,0.51902944,0.008064294,1
ENSG00000182718,0.35956603,2.617713,GM12878,0.5889354,0.09340175,1
ENSG00000070081,0.019924156,1.8156441,GM12878,0.50498086,0.5694611,1
ENSG00000070081,0.0137314815,1.8156441,GM12878,0.5034328,0.55736434,1
ENSG00000154978,0.028303051,1.373096,GM12878,0.50707525,0.0015519917,1
ENSG00000083937,0.009413524,0.82020146,GM12878,0.50235337,0.9230769,1
ENSG00000119688,0.011428775,1.069298,GM12878,0.50285715,0.6166667,1
ENSG00000119688,0.1517537,1.069298,GM12878,0.53786576,0.7058824,1
ENSG00000119688,0.07019822,1.069298,GM12878,0.51754236,0.7567568,1
ENSG00000068903,0.040893156,1.3958504,GM12878,0.5102219,0.14739884,1
ENSG00000068903,0.4601669,1.3958504,GM12878,0.61305374,0.0033783785,1
ENSG00000168591,0.002074882,1.3265407,GM12878,0.50051874,0.29220778,1
ENSG00000168591,0.051355477,1.3265407,GM12878,0.51283604,0.12474438,1
ENSG00000168591,0.046727795,1.3265407,GM12878,0.5116798,0.5,1
ENSG00000168591,0.049415164,1.3265407,GM12878,0.5123513,0.42180094,1
ENSG00000148290,0.0270575,1.364926,GM12878,0.506764,0.43306336,1
ENSG00000127481,0.008213391,1.7426466,GM12878,0.5020533,0.95425665,1
ENSG00000127481,0.004571336,1.7426466,GM12878,0.50114286,0.045743328,1
ENSG00000205981,0.0073445477,1.969043,GM12878,0.5018361,0.83018076,1
ENSG00000205981,0.007157081,1.969043,GM12878,0.5017893,0.45625842,1
ENSG00000205981,0.018233737,1.969043,GM12878,0.5045583,0.8828383,1
ENSG00000134283,0.023614721,1.9033071,GM12878,0.5059034,0.14871553,1
ENSG00000134283,0.029032249,1.9033071,GM12878,0.5072575,0.57435775,1
ENSG00000134283,0.03917386,1.9033071,GM12878,0.5097922,0.03582371,1
ENSG00000134283,0.1895695,1.9033071,GM12878,0.5472509,0.97013485,1
ENSG00000035928,0.011585896,1.2402996,GM12878,0.5028964,0.0049850447,1
ENSG00000243943,0.013012007,1.8286599,GM12878,0.5032529,0.0132,1
ENSG00000243943,0.005654764,1.8286599,GM12878,0.5014137,0.48008007,1
ENSG00000243943,0.006308749,1.8286599,GM12878,0.50157714,0.98646265,1
ENSG00000163961,0.014011056,0.9014583,GM12878,0.50350267,0.7191868,1
ENSG00000119912,0.034365684,1.4810125,GM12878,0.5085905,0.028115015,1
ENSG00000119912,0.11266516,1.4810125,GM12878,0.52813655,0.028115015,1
ENSG00000204120,0.21707603,1.4695275,GM12878,0.55405694,0.9606481,1
ENSG00000204120,0.03479238,1.4695275,GM12878,0.5086972,0.04278075,1
ENSG00000204120,0.068769135,1.4695275,GM12878,0.5171855,0.9054054,1
ENSG00000204120,0.02767122,1.4695275,GM12878,0.50691736,0.025917927,1
ENSG00000164885,0.003269469,1.3410386,GM12878,0.50081736,0.7592068,1
ENSG00000169045,0.0073937285,2.5230436,GM12878,0.5018484,0.97276145,1
ENSG00000169045,0.007464056,2.5230436,GM12878,0.501866,0.9519731,1
ENSG00000169045,0.007875458,2.5230436,GM12878,0.50196886,0.9513183,1
ENSG00000186104,0.0028218424,1.5009222,GM12878,0.5007055,0.1773309,1
ENSG00000136444,0.008114479,1.4844422,GM12878,0.50202864,0.989071,1
ENSG00000136444,0.01711591,1.4844422,GM12878,0.5042789,0.989071,1
ENSG00000112739,0.02370702,2.0520396,GM12878,0.5059265,0.4083697,1
ENSG00000112739,0.038663313,2.0520396,GM12878,0.50966465,0.5109836,1
ENSG00000078403,0.016729526,1.8405452,GM12878,0.5041823,0.8148855,1
ENSG00000078403,0.28354368,1.8405452,GM12878,0.5704148,0.0,1
ENSG00000078403,0.012969722,1.8405452,GM12878,0.5032424,0.02932761,1
ENSG00000078403,0.0090350825,1.8405452,GM12878,0.5022587,0.017422749,1
ENSG00000078403,0.009249324,1.8405452,GM12878,0.5023123,0.97775596,1
ENSG00000078403,0.009203716,1.8405452,GM12878,0.5023009,0.014512318,1
ENSG00000157870,0.14615147,0.73798734,GM12878,0.536473,1.0,1
ENSG00000141644,0.027448153,1.4438885,GM12878,0.50686157,0.086683415,1
ENSG00000141644,0.027448153,1.4438885,GM12878,0.50686157,0.77842563,1
ENSG00000141644,0.13611041,1.4438885,GM12878,0.5339751,0.6550825,1
ENSG00000141644,0.6409521,1.4438885,GM12878,0.6549687,0.35257733,1
ENSG00000141644,0.61964065,1.4438885,GM12878,0.6501368,0.22373301,1
ENSG00000141644,0.007251266,1.4438885,GM12878,0.5018128,0.9827856,1
ENSG00000141644,0.007251266,1.4438885,GM12878,0.5018128,1.0,1
ENSG00000141644,0.0063139726,1.4438885,GM12878,0.50157845,0.3313253,1
ENSG00000141644,0.08107803,1.4438885,GM12878,0.5202584,0.3433735,1
ENSG00000213185,0.027476355,0.7596679,GM12878,0.50686866,0.3960396,1
ENSG00000213185,0.036563337,0.7596679,GM12878,0.50913984,0.8619909,1
ENSG00000064607,0.57322437,1.9668922,GM12878,0.6395068,0.0029239766,1
ENSG00000064607,0.006918458,1.9668922,GM12878,0.5017296,0.7914373,1
ENSG00000064607,0.006796395,1.9668922,GM12878,0.5016991,0.07139949,1
ENSG00000064607,0.0107699735,1.9668922,GM12878,0.50269246,0.07139949,1
ENSG00000148396,0.016995631,1.1880844,GM12878,0.5042488,0.98007244,1
ENSG00000148396,0.010365232,1.1880844,GM12878,0.50259125,0.9765343,1
ENSG00000159596,0.01084026,2.3049212,GM12878,0.50271004,0.21978186,1
ENSG00000101079,0.003545319,1.3186892,GM12878,0.5008863,0.98421717,1
ENSG00000164830,0.037219003,1.4398062,GM12878,0.5093036,0.30647293,1
ENSG00000164830,0.22656152,1.4398062,GM12878,0.55639935,1.0,1
ENSG00000120910,0.07810903,1.2564772,GM12878,0.51951736,0.89961016,1
ENSG00000120910,0.022663143,1.2564772,GM12878,0.50566554,0.0,1
ENSG00000120910,0.09019814,1.2564772,GM12878,0.52253425,0.5529801,1
ENSG00000109685,0.06186781,1.6301227,GM12878,0.515462,1.0,1
ENSG00000146833,0.88232565,1.069668,GM12878,0.7073039,0.038610037,1
ENSG00000183137,0.06354873,1.6355842,GM12878,0.51588184,0.39252338,1
ENSG00000183137,0.0206372,1.6355842,GM12878,0.5051591,0.591195,1
ENSG00000048740,0.008485444,0.97634995,GM12878,0.5021213,0.9141274,1
ENSG00000048740,0.01078202,0.97634995,GM12878,0.50269544,0.9141274,1
ENSG00000048740,0.009521074,0.97634995,GM12878,0.50238025,0.0,1
ENSG00000115325,0.013454453,0.96707976,GM12878,0.50336355,1.0,1
ENSG00000115325,0.34207082,0.96707976,GM12878,0.58469343,0.54910713,1
ENSG00000169118,0.016721262,1.1386185,GM12878,0.5041802,0.004255319,1
ENSG00000067836,0.028389184,1.1065309,GM12878,0.50709677,0.4239766,1
ENSG00000177879,0.016218886,1.6458151,GM12878,0.5040546,0.70097136,1
ENSG00000177879,0.027733274,1.6458151,GM12878,0.50693285,0.9871828,1
ENSG00000177879,0.03268257,1.6458151,GM12878,0.50816995,0.0131268045,1
ENSG00000177879,0.054074716,1.6458151,GM12878,0.51351535,0.9413974,1
ENSG00000083814,0.13134147,0.2764618,GM12878,0.5327882,0.84210527,1
ENSG00000100150,0.11965866,0.9263424,GM12878,0.52987903,1.0,1
ENSG00000130830,0.031579882,2.468805,GM12878,0.50789434,0.012291957,1
ENSG00000163110,0.12266948,1.953808,GM12878,0.530629,0.5240842,1
ENSG00000163110,0.046132307,1.953808,GM12878,0.511531,0.012881965,1
ENSG00000158109,0.023055231,0.92012334,GM12878,0.50576353,1.0,1
ENSG00000139405,0.16123511,1.1492192,GM12878,0.5402217,0.99482757,1
ENSG00000139405,0.12548952,1.1492192,GM12878,0.53133124,0.96103895,1
ENSG00000116138,0.01114434,1.1975563,GM12878,0.50278604,0.25632185,1
ENSG00000116138,0.012524092,1.1975563,GM12878,0.503131,0.02793296,1
ENSG00000116138,0.033830214,1.1975563,GM12878,0.50845677,0.02793296,1
ENSG00000116212,0.088834666,1.6595359,GM12878,0.5221941,0.15276273,1
ENSG00000164329,0.00806128,1.9168223,GM12878,0.5020153,0.0,1
ENSG00000164329,0.05448799,1.9168223,GM12878,0.5136186,0.99685633,1
ENSG00000164329,0.010928155,1.9168223,GM12878,0.502732,0.9479821,1
ENSG00000186001,0.0052678613,1.7743709,GM12878,0.50131696,0.56567913,1
ENSG00000186001,0.05376264,1.7743709,GM12878,0.5134374,0.4537167,1
ENSG00000155324,0.0071905167,0.32633585,GM12878,0.5017976,0.0,1
ENSG00000155324,0.015138321,0.32633585,GM12878,0.5037845,0.95789474,1
ENSG00000169756,0.011601496,1.9571761,GM12878,0.50290036,0.99112666,1
ENSG00000132676,0.13722125,2.5615306,GM12878,0.5342516,0.9289463,1
ENSG00000132676,0.011136297,2.5615306,GM12878,0.5027841,0.8349437,1
ENSG00000151292,0.0040923916,0.8750613,GM12878,0.5010231,1.0,1
ENSG00000151292,0.0034633758,0.8750613,GM12878,0.5008658,0.12427185,1
ENSG00000151292,0.0035387455,0.8750613,GM12878,0.50088465,0.98058254,1
ENSG00000177302,0.008076785,1.2065561,GM12878,0.50201917,0.99736494,1
ENSG00000072401,0.020109814,1.230449,GM12878,0.5050273,0.9347458,1
ENSG00000229833,0.41052923,1.6969676,GM12878,0.60121477,0.9603708,1
ENSG00000160570,0.003706885,1.4127964,GM12878,0.50092673,0.0017590149,1
ENSG00000160570,0.0034622832,1.4127964,GM12878,0.5008656,0.0030742204,1
ENSG00000160570,0.24688143,1.4127964,GM12878,0.56140876,0.16753927,1
ENSG00000155744,0.16641797,1.0334238,GM12878,0.54150873,0.24071322,1
ENSG00000155744,0.017374298,1.0334238,GM12878,0.5043435,0.24071322,1
ENSG00000197302,0.017154716,0.9921115,GM12878,0.50428855,0.10913706,1
ENSG00000156469,0.00439236,1.5981337,GM12878,0.5010981,0.08937691,1
ENSG00000145734,0.13517855,1.1886473,GM12878,0.53374326,0.6249002,1
ENSG00000172869,0.0038465413,1.4617985,GM12878,0.5009616,0.23657587,1
ENSG00000172869,0.0042183613,1.4617985,GM12878,0.5010546,0.7773852,1
ENSG00000179222,0.012671064,0.7411516,GM12878,0.50316775,1.0,1
ENSG00000179222,0.006108012,0.7411516,GM12878,0.501527,0.0,1
ENSG00000075413,0.0042845067,1.7077404,GM12878,0.5010711,0.0,1
ENSG00000075413,0.0064135287,1.7077404,GM12878,0.50160336,0.98492754,1
ENSG00000075413,0.009717136,1.7077404,GM12878,0.50242925,0.0025925052,1
ENSG00000075413,0.076556586,1.7077404,GM12878,0.5191298,0.02108678,1
ENSG00000075413,0.027783327,1.7077404,GM12878,0.5069454,0.3533351,1
ENSG00000151413,0.001385094,0.7307823,GM12878,0.50034624,0.96118724,1
ENSG00000138660,0.8528868,0.91539985,GM12878,0.70117235,0.99579245,1
ENSG00000066827,0.5316286,0.17026171,GM12878,0.62986284,0.01980198,1
ENSG00000066827,0.73086536,0.17026171,GM12878,0.6749951,1.0,1
ENSG00000184990,0.7898305,1.680698,GM12878,0.6877949,0.95904976,1
ENSG00000110696,0.004186832,1.9520656,GM12878,0.5010467,0.86906224,1
ENSG00000112699,0.0065856245,0.9216865,GM12878,0.5016464,0.005076142,1
ENSG00000100099,0.010038517,1.3974185,GM12878,0.5025096,0.0,1
ENSG00000100099,0.38373542,1.3974185,GM12878,0.59477377,0.21495327,1
ENSG00000176155,0.17001046,1.362294,GM12878,0.54240054,0.2581852,1
ENSG00000176155,0.42969584,1.362294,GM12878,0.60580105,0.35144928,1
ENSG00000058600,0.05156113,2.1349418,GM12878,0.5128874,0.99951667,1
ENSG00000058600,0.25510758,2.1349418,GM12878,0.56343323,0.9049831,1
ENSG00000058600,0.3703258,2.1349418,GM12878,0.5915377,0.5714286,1
ENSG00000198301,0.01119111,1.314078,GM12878,0.5027977,0.9968034,1
ENSG00000198301,0.009754175,1.314078,GM12878,0.50243855,0.99893105,1
ENSG00000101104,0.07179418,1.7498136,GM12878,0.5179408,0.099481866,1
ENSG00000101104,0.015915224,1.7498136,GM12878,0.5039787,0.9388089,1
ENSG00000058272,0.0061727646,1.5872618,GM12878,0.5015432,0.0,1
ENSG00000058272,0.005741393,1.5872618,GM12878,0.50143534,1.0,1
ENSG00000058272,0.00831961,1.5872618,GM12878,0.5020799,0.9219089,1
ENSG00000058272,0.0070671705,1.5872618,GM12878,0.50176674,0.48738533,1
ENSG00000144895,0.020772206,2.162415,GM12878,0.5051929,0.89779544,1
ENSG00000144895,0.06612243,2.162415,GM12878,0.51652455,0.99768853,1
ENSG00000047932,0.024592366,1.2557548,GM12878,0.50614774,1.0,1
ENSG00000047932,0.012381808,1.2557548,GM12878,0.50309545,0.39787945,1
ENSG00000060069,0.7404073,0.5276299,GM12878,0.6770849,0.048543688,1
ENSG00000122484,0.9390438,1.2886963,GM12878,0.71890646,0.106167845,1
ENSG00000100814,0.008645515,2.1050673,GM12878,0.5021613,0.005454996,1
ENSG00000100814,0.014462498,2.1050673,GM12878,0.50361556,0.006932409,1
ENSG00000144320,0.05698834,1.4331295,GM12878,0.51424325,0.04285049,1
ENSG00000110274,0.024260776,0.8228216,GM12878,0.50606483,0.62711865,1
ENSG00000110274,0.09018632,0.8228216,GM12878,0.52253133,0.87096775,1
ENSG00000137413,0.0066631,1.6399843,GM12878,0.5016658,0.021860266,1
ENSG00000215883,0.024603726,0.97312784,GM12878,0.5061506,0.05978261,1
ENSG00000215883,0.023122415,0.97312784,GM12878,0.50578034,0.094017096,1
ENSG00000215883,0.3214033,0.97312784,GM12878,0.5796662,0.85470086,1
ENSG00000147601,0.00962225,1.1625644,GM12878,0.5024055,0.3903846,1
ENSG00000123562,0.10949098,2.7333739,GM12878,0.5273454,0.9713195,1
ENSG00000123562,0.47757077,2.7333739,GM12878,0.6171741,0.95827174,1
ENSG00000123562,0.054689527,2.7333739,GM12878,0.513669,0.117326826,1
ENSG00000168476,0.23531233,1.3829172,GM12878,0.5585581,0.64685315,1
ENSG00000084774,0.019117951,1.5732198,GM12878,0.50477934,0.9823691,1
ENSG00000136527,0.12206478,2.310842,GM12878,0.53047836,0.6574642,1
ENSG00000175348,0.02399211,1.11294,GM12878,0.5059977,0.21855922,1
ENSG00000137814,0.019318216,1.6350814,GM12878,0.5048294,1.0,1
ENSG00000137814,0.1597749,1.6350814,GM12878,0.53985894,0.0,1
ENSG00000099330,0.025515169,0.91009057,GM12878,0.5063784,0.8251366,1
ENSG00000072736,0.07847686,1.8190172,GM12878,0.5196091,1.0,1
ENSG00000072736,0.05686517,1.8190172,GM12878,0.5142124,0.15644062,1
ENSG00000072736,0.043626077,1.8190172,GM12878,0.5109048,0.085569814,1
ENSG00000093009,0.09546236,2.6612256,GM12878,0.52384746,0.89817816,1
ENSG00000093009,0.5463237,2.6612256,GM12878,0.6332822,0.041025463,1
ENSG00000122203,0.10177032,1.673021,GM12878,0.52542067,0.06066838,1
ENSG00000122203,0.039455965,1.673021,GM12878,0.5098627,0.37730062,1
ENSG00000122203,0.008487916,1.673021,GM12878,0.5021219,1.0,1
ENSG00000122203,0.03947791,1.673021,GM12878,0.50986814,1.0,1
ENSG00000122203,0.0055285622,1.673021,GM12878,0.5013821,0.5822243,1
ENSG00000083454,0.5497107,0.4345689,GM12878,0.6340685,0.072463766,1
ENSG00000083454,0.016503038,0.4345689,GM12878,0.50412565,0.3828125,1
ENSG00000173588,0.039759837,1.3312248,GM12878,0.50993866,0.04696673,1
ENSG00000173588,0.1472041,1.3312248,GM12878,0.5367347,0.01847575,1
ENSG00000173588,0.11379263,1.3312248,GM12878,0.52841747,0.70016474,1
ENSG00000076513,0.9936103,1.5936183,GM12878,0.72980046,0.986946,1
ENSG00000178449,0.01295147,1.8041394,GM12878,0.50323784,0.004327506,1
ENSG00000178449,0.019865004,1.8041394,GM12878,0.5049661,0.088575505,1
ENSG00000054983,0.013770852,1.0595634,GM12878,0.50344265,1.0,1
ENSG00000100528,0.27713656,2.1610084,GM12878,0.5688441,0.30578777,1
ENSG00000100528,0.051723737,2.1610084,GM12878,0.51292807,0.8409667,1
ENSG00000100528,0.09951521,2.1610084,GM12878,0.5248583,1.0,1
ENSG00000124795,0.02030747,2.0112743,GM12878,0.5050767,0.99852705,1
ENSG00000130429,0.0082613835,2.2143934,GM12878,0.50206536,0.0,1
ENSG00000130429,0.35922363,2.2143934,GM12878,0.58885247,0.017622951,1
ENSG00000130429,0.5315833,2.2143934,GM12878,0.6298523,0.019631902,1
ENSG00000198818,0.006634281,2.021933,GM12878,0.50165856,0.04924794,1
ENSG00000167272,0.11306252,1.9222063,GM12878,0.52823555,0.8964165,1
ENSG00000184584,0.12232523,1.5526682,GM12878,0.5305432,1.0,1
ENSG00000141446,0.01726952,1.0342273,GM12878,0.5043173,0.48505977,1
ENSG00000198668,0.05075422,2.058502,GM12878,0.5126858,0.2979651,1
ENSG00000178802,0.0049376437,1.7134905,GM12878,0.5012344,0.63984674,1
ENSG00000178802,0.12591213,1.7134905,GM12878,0.5314365,0.73272836,1
ENSG00000178802,0.006223436,1.7134905,GM12878,0.50155586,0.86244315,1
ENSG00000151474,0.8817979,0.587711,GM12878,0.7071947,0.29056603,1
ENSG00000121578,0.0917937,0.95760727,GM12878,0.5229323,0.959596,1
ENSG00000121578,0.042190958,0.95760727,GM12878,0.51054615,0.46226415,1
ENSG00000144554,0.005271121,1.9834459,GM12878,0.5013178,0.9630556,1
ENSG00000144554,0.0041005528,1.9834459,GM12878,0.50102514,0.6828812,1
ENSG00000130177,0.5496331,1.9017851,GM12878,0.6340504,0.8462801,1
ENSG00000137944,0.008336954,1.5713594,GM12878,0.5020842,0.03523694,1
ENSG00000010310,0.20982327,0.99475694,GM12878,0.5522642,0.9284211,1
ENSG00000149089,0.086292714,1.6567688,GM12878,0.5215598,0.99222225,1
ENSG00000136754,0.043208934,1.5254335,GM12878,0.51080054,0.0,1
ENSG00000136754,0.043208934,1.5254335,GM12878,0.51080054,0.008152174,1
ENSG00000136754,0.015642783,1.5254335,GM12878,0.5039106,0.7919042,1
ENSG00000136754,0.011399736,1.5254335,GM12878,0.5028499,0.22340426,1
ENSG00000136754,0.0058457474,1.5254335,GM12878,0.5014614,0.027777778,1
ENSG00000136754,0.047004364,1.5254335,GM12878,0.5117489,0.2536271,1
ENSG00000136754,0.011285281,1.5254335,GM12878,0.50282127,0.9971285,1
ENSG00000136754,0.05132693,1.5254335,GM12878,0.5128289,0.0016085791,1
ENSG00000147789,0.12526073,1.3974185,GM12878,0.5312743,0.22359736,1
ENSG00000147789,0.55459845,1.3974185,GM12878,0.63520175,0.3829508,1
ENSG00000132323,0.010489829,1.3490832,GM12878,0.5026224,0.9828393,1
ENSG00000072803,0.004585246,1.343999,GM12878,0.5011463,0.0,1
ENSG00000072803,0.06634929,1.343999,GM12878,0.51658124,0.31937683,1
ENSG00000072803,0.06504633,1.343999,GM12878,0.51625586,0.5254583,1
ENSG00000072803,0.16341138,1.343999,GM12878,0.5407622,0.04377565,1
ENSG00000072803,0.116726436,1.343999,GM12878,0.5291485,0.0,1
ENSG00000170445,0.004426577,1.7013088,GM12878,0.5011066,0.47792706,1
ENSG00000162959,0.0063111885,1.6905504,GM12878,0.5015778,0.9353838,1
ENSG00000162959,0.005146562,1.6905504,GM12878,0.5012866,0.98249197,1
ENSG00000159593,0.06484881,2.3191268,GM12878,0.5162065,0.42307693,1
ENSG00000159593,0.06355598,2.3191268,GM12878,0.5158836,0.9893281,1
ENSG00000159593,0.062018994,2.3191268,GM12878,0.5154998,0.043669447,1
ENSG00000121057,0.052967805,1.5689055,GM12878,0.51323885,0.0,1
ENSG00000133193,0.006630354,1.2340108,GM12878,0.50165755,0.19244392,1
ENSG00000133193,0.011609935,1.2340108,GM12878,0.50290245,0.99346405,1
ENSG00000204519,0.13511421,0.9138138,GM12878,0.5337272,0.9256927,1
ENSG00000089280,0.025529673,2.2429636,GM12878,0.50638205,0.7547993,1
ENSG00000167740,0.0050633634,0.4785665,GM12878,0.5012658,0.1368421,1
ENSG00000162772,0.009551813,0.99825937,GM12878,0.5023879,0.0077021825,1
ENSG00000111726,0.012535827,1.746167,GM12878,0.50313395,0.6717835,1
ENSG00000033030,0.014064916,1.3785796,GM12878,0.50351614,0.9973082,1
