,PredExpr,ActualExpr,PredPsi,ActualPsi,fold_idx
ENSG00000196388,1.0993007,-0.82390875,1.0993007,1.0,1
ENSG00000164051,1.0297335,1.1099159,1.0297335,1.0,1
ENSG00000064102,1.1207747,1.7070589,1.1207747,1.0,1
ENSG00000117533,1.1285776,1.1296899,1.1285776,1.0,1
ENSG00000089094,1.0525883,1.2591158,1.0525883,1.0,1
ENSG00000138688,1.0670167,1.3364598,1.0670167,1.0,1
ENSG00000129195,1.0295398,0.80821097,1.0295398,1.0,1
ENSG00000086758,1.0759724,1.7985126,1.0759724,0.82222223,1
ENSG00000133641,1.0428065,1.5317343,1.0428065,1.0,1
ENSG00000035928,1.0700221,1.2402996,1.0700221,1.0,1
ENSG00000115594,1.0170733,0.30963016,1.0170733,1.0,1
ENSG00000161509,0.97411084,-0.7695511,0.97411084,1.0,1
ENSG00000169223,1.1089498,2.0322561,1.1089498,1.0,1
ENSG00000001461,1.1147162,1.1351327,1.1147162,1.0,1
ENSG00000164346,1.0502018,1.7139943,1.0502018,1.0,1
ENSG00000196588,1.0385641,0.21484385,1.0385641,1.0,1
ENSG00000206177,1.0019807,-0.79588,1.0019807,1.0,1
ENSG00000078403,1.0701693,1.8405452,1.0701693,1.0,1
ENSG00000031003,1.0956992,1.0569048,1.0956992,1.0,1
ENSG00000102755,0.99166596,0.075546965,0.99166596,1.0,1
ENSG00000004534,1.067756,1.6112983,1.067756,1.0,1
ENSG00000119927,1.0530901,0.69548166,1.0530901,1.0,1
ENSG00000096872,1.0675336,0.8469553,1.0675336,1.0,1
ENSG00000152782,1.0078669,0.8668778,1.0078669,1.0,1
ENSG00000197566,0.9885852,-0.013228266,0.9885852,1.0,1
ENSG00000170584,1.0900099,1.5811529,1.0900099,1.0,1
ENSG00000142207,1.0818261,1.0068938,1.0818261,1.0,1
ENSG00000162772,1.0812653,0.99825937,1.0812653,0.0077021825,1
ENSG00000188157,1.0655254,1.3543006,1.0655254,1.0,1
ENSG00000034677,1.0507815,1.3277675,1.0507815,1.0,1
ENSG00000104853,1.1179162,1.5117497,1.1179162,1.0,1
ENSG00000116668,1.0644695,0.4065402,1.0644695,1.0,1
ENSG00000051341,0.95948666,0.8920946,0.95948666,1.0,1
ENSG00000135605,1.1109093,0.85733247,1.1109093,1.0,1
ENSG00000143774,1.129429,2.2415962,1.129429,1.0,1
ENSG00000140740,1.1340724,2.5661428,1.1340724,1.0,1
ENSG00000065243,1.0755833,1.1958996,1.0755833,1.0,1
ENSG00000178852,1.08667,-0.06550155,1.08667,1.0,1
ENSG00000186198,1.0004841,-0.92081875,1.0004841,1.0,1
ENSG00000135048,1.0244768,1.34183,1.0244768,1.0,1
ENSG00000175550,1.1019927,1.4536241,1.1019927,1.0,1
ENSG00000108829,1.0855261,2.0370278,1.0855261,1.0,1
ENSG00000162522,1.0192562,0.92737037,1.0192562,1.0,1
ENSG00000115165,0.9832014,-0.7695511,0.9832014,1.0,1
ENSG00000143303,1.0946653,1.5156089,1.0946653,1.0,1
ENSG00000181638,1.0681463,0.4756712,1.0681463,1.0,1
ENSG00000214046,1.1586536,1.8994921,1.1586536,1.0,1
ENSG00000059691,1.0513192,1.3529539,1.0513192,1.0,1
ENSG00000148660,1.0952839,1.4977587,1.0952839,1.0,1
ENSG00000165029,0.98879725,-0.9586073,0.98879725,1.0,1
ENSG00000180998,0.9452015,-0.65757734,0.9452015,1.0,1
ENSG00000185250,1.088171,-0.1426675,1.088171,1.0,1
ENSG00000055483,1.0921534,1.3500541,1.0921534,1.0,1
ENSG00000165704,1.069715,1.837904,1.069715,1.0,1
ENSG00000059804,1.0565277,2.4926348,1.0565277,1.0,1
ENSG00000143627,1.0549686,1.415641,1.0549686,1.0,1
ENSG00000136802,1.0476655,0.9116902,1.0476655,0.44444445,1
ENSG00000166002,1.015016,0.924796,1.015016,1.0,1
ENSG00000101412,1.0560411,1.1038038,1.0560411,1.0,1
ENSG00000068489,1.0866553,1.7180862,1.0866553,1.0,1
ENSG00000145390,1.0653206,0.8182259,1.0653206,1.0,1
ENSG00000168575,1.059624,1.4563661,1.059624,1.0,1
ENSG00000104613,1.1086029,1.9760288,1.1086029,1.0,1
ENSG00000101282,0.9764269,-0.9586073,0.9764269,1.0,1
ENSG00000100276,1.0029751,-0.38721615,1.0029751,1.0,1
ENSG00000136371,1.0461593,1.7207379,1.0461593,1.0,1
ENSG00000133243,1.0057658,1.2084414,1.0057658,1.0,1
ENSG00000156860,1.0950699,0.83884907,1.0950699,1.0,1
ENSG00000157613,1.0427018,0.25767857,1.0427018,1.0,1
ENSG00000132953,1.0506401,1.1003705,1.0506401,1.0,1
ENSG00000156795,1.1005236,1.2472365,1.1005236,1.0,1
ENSG00000123144,1.0631572,2.0587676,1.0631572,1.0,1
ENSG00000167333,1.0594845,0.71011734,1.0594845,1.0,1
ENSG00000132963,1.1031563,1.8678797,1.1031563,1.0,1
ENSG00000143624,1.1630286,1.3123889,1.1630286,1.0,1
ENSG00000100147,1.0820202,0.6095944,1.0820202,1.0,1
ENSG00000151348,1.0268196,1.6004283,1.0268196,1.0,1
ENSG00000152465,1.069436,0.6683859,1.069436,1.0,1
ENSG00000125351,1.0788503,1.3372595,1.0788503,1.0,1
ENSG00000181826,1.0447295,-0.055517327,1.0447295,1.0,1
ENSG00000110090,1.0193818,0.52244425,1.0193818,1.0,1
ENSG00000178952,1.0906351,2.1879153,1.0906351,1.0,1
ENSG00000131504,1.0917296,2.0841472,1.0917296,1.0,1
ENSG00000198018,1.0650363,1.000434,1.0650363,1.0,1
ENSG00000127452,1.0701555,1.3841741,1.0701555,1.0,1
ENSG00000160447,1.1038574,1.2981979,1.1038574,1.0,1
ENSG00000092978,0.93966365,0.025305865,0.93966365,1.0,1
ENSG00000119787,1.0609379,1.7223871,1.0609379,1.0,1
ENSG00000140367,1.1165997,1.1370374,1.1165997,1.0,1
ENSG00000182307,1.0665325,1.6290016,1.0665325,1.0,1
ENSG00000174996,1.0910023,0.9180303,1.0910023,1.0,1
ENSG00000136950,1.1172718,1.7786577,1.1172718,1.0,1
ENSG00000113721,1.0082436,0.021189298,1.0082436,1.0,1
ENSG00000135090,1.0865067,1.6541766,1.0865067,1.0,1
ENSG00000073605,0.99834216,0.65417653,0.99834216,1.0,1
ENSG00000198961,1.0430976,1.774298,1.0430976,1.0,1
ENSG00000167851,1.0042301,0.923244,1.0042301,1.0,1
ENSG00000182359,1.0140826,1.071882,1.0140826,1.0,1
ENSG00000065029,1.1220877,1.2143139,1.1220877,1.0,1
ENSG00000048140,1.1067768,1.5133508,1.1067768,1.0,1
ENSG00000101868,1.0781878,1.0098757,1.0781878,1.0,1
ENSG00000219200,1.0834719,1.7158363,1.0834719,1.0,1
ENSG00000099381,1.071731,0.33845648,1.071731,1.0,1
ENSG00000166225,1.0399835,0.8413595,1.0399835,0.12037037,1
ENSG00000254469,1.0919565,0.90091306,1.0919565,1.0,1
ENSG00000177156,1.0891939,2.525589,1.0891939,1.0,1
ENSG00000091527,1.0521873,1.7554938,1.0521873,1.0,1
ENSG00000213965,0.9732149,0.90036714,0.9732149,1.0,1
ENSG00000110367,1.11526,1.6816934,1.11526,1.0,1
ENSG00000164002,0.9784115,0.35602584,0.9784115,1.0,1
ENSG00000103067,0.9985009,-0.85387194,0.9985009,1.0,1
ENSG00000188785,1.0535539,0.7678976,1.0535539,1.0,1
ENSG00000021776,1.0708487,1.666518,1.0708487,1.0,1
ENSG00000007080,1.0933908,1.4922014,1.0933908,1.0,1
ENSG00000107282,0.94462705,-0.9586073,0.94462705,1.0,1
ENSG00000151849,1.039945,0.9689497,1.039945,1.0,1
ENSG00000161999,1.0867254,1.3394514,1.0867254,1.0,1
ENSG00000084207,1.125424,2.8746383,1.125424,1.0,1
ENSG00000173914,1.06155,1.4974825,1.06155,1.0,1
ENSG00000132475,1.0806795,2.6859386,1.0806795,1.0,1
ENSG00000143198,1.1379118,1.936564,1.1379118,1.0,1
ENSG00000072849,1.1005021,1.4355259,1.1005021,1.0,1
ENSG00000204580,1.0720663,1.0813473,1.0720663,1.0,1
ENSG00000116254,0.9956888,-0.65757734,0.9956888,1.0,1
ENSG00000186625,1.1132686,1.7259116,1.1132686,1.0,1
ENSG00000162664,1.1077067,1.3756636,1.1077067,1.0,1
ENSG00000178741,1.0886084,2.3764675,1.0886084,1.0,1
ENSG00000196187,1.1319448,1.6333674,1.1319448,1.0,1
ENSG00000011426,1.118883,1.5304558,1.118883,1.0,1
ENSG00000100591,1.1024443,2.1271372,1.1024443,1.0,1
ENSG00000214113,1.0737456,1.7266457,1.0737456,1.0,1
ENSG00000175087,1.0531824,1.2853322,1.0531824,1.0,1
ENSG00000214226,1.091317,-0.4685211,1.091317,1.0,1
ENSG00000133687,0.9352392,-0.92081875,0.9352392,1.0,1
ENSG00000097021,1.0839651,1.653309,1.0839651,1.0,1
ENSG00000091140,1.1262437,2.390988,1.1262437,1.0,1
ENSG00000176783,1.086884,1.3447851,1.086884,1.0,1
ENSG00000186105,0.9500532,-0.008773924,0.9500532,1.0,1
ENSG00000148481,1.0840546,1.1501422,1.0840546,1.0,1
ENSG00000106144,1.1159066,1.4601458,1.1159066,1.0,1
ENSG00000100246,1.0808556,0.78675145,1.0808556,1.0,1
ENSG00000203666,1.1142005,1.361539,1.1142005,1.0,1
ENSG00000198746,1.0633147,0.70243055,1.0633147,1.0,1
ENSG00000036257,1.048563,1.4462264,1.048563,1.0,1
ENSG00000139154,1.0218209,0.854913,1.0218209,1.0,1
ENSG00000111664,1.0259695,0.54406804,1.0259695,1.0,1
ENSG00000176386,1.0940036,1.4613484,1.0940036,1.0,1
ENSG00000110422,1.0476023,0.8382192,1.0476023,1.0,1
ENSG00000155629,0.99127334,0.48713836,0.99127334,1.0,1
ENSG00000143971,1.0114211,0.84323275,1.0114211,1.0,1
ENSG00000204116,1.001743,-0.1426675,1.001743,1.0,1
ENSG00000108788,1.1233923,1.6017342,1.1233923,1.0,1
ENSG00000054967,1.0851525,0.88252455,1.0851525,1.0,1
ENSG00000086598,1.0683907,2.15567,1.0683907,1.0,1
ENSG00000090520,1.1337137,1.4382259,1.1337137,1.0,1
ENSG00000138785,1.0320163,1.5969268,1.0320163,1.0,1
ENSG00000144354,1.1020056,1.980912,1.1020056,1.0,1
ENSG00000173064,1.0880142,1.0277572,1.0880142,1.0,1
ENSG00000089597,1.1157645,2.3546846,1.1157645,1.0,1
ENSG00000119950,1.0134342,1.2789822,1.0134342,1.0,1
ENSG00000121210,1.0920184,0.8864907,1.0920184,1.0,1
ENSG00000183814,1.1209569,1.3436055,1.1209569,1.0,1
ENSG00000143756,1.0618243,1.2491983,1.0618243,1.0,1
ENSG00000171428,1.0009224,0.8027737,1.0009224,0.28664497,1
ENSG00000220201,1.0205961,0.3283796,1.0205961,1.0,1
ENSG00000111877,1.0445753,0.9652017,1.0445753,1.0,1
ENSG00000001630,1.083448,1.3838154,1.083448,1.0,1
ENSG00000100401,1.1117226,1.7291648,1.1117226,1.0,1
ENSG00000075399,1.0788301,0.20139712,1.0788301,1.0,1
ENSG00000188321,1.0145196,1.1274288,1.0145196,1.0,1
ENSG00000161036,1.1127032,1.3253103,1.1127032,1.0,1
ENSG00000196296,1.0154668,0.25285304,1.0154668,1.0,1
ENSG00000028528,1.0862395,1.7551886,1.0862395,1.0,1
ENSG00000169641,1.0139544,0.9268567,1.0139544,1.0,1
ENSG00000173457,1.1167465,2.176236,1.1167465,1.0,1
ENSG00000059122,1.0354604,0.763428,1.0354604,1.0,1
ENSG00000135940,1.1263233,2.6450388,1.1263233,1.0,1
ENSG00000159792,1.0442303,1.1348144,1.0442303,1.0,1
ENSG00000163312,1.0962003,0.9894498,1.0962003,1.0,1
ENSG00000152689,1.0278118,0.033423755,1.0278118,1.0,1
ENSG00000145029,1.080808,0.86746746,1.080808,1.0,1
ENSG00000171824,1.1377412,1.8664055,1.1377412,1.0,1
ENSG00000130270,1.1076074,0.94101423,1.1076074,1.0,1
ENSG00000163945,1.0994619,0.63346845,1.0994619,1.0,1
ENSG00000170412,0.989177,1.5692568,0.989177,1.0,1
ENSG00000211584,1.0543402,1.0216027,1.0543402,1.0,1
ENSG00000205643,1.0748503,0.95182306,1.0748503,1.0,1
ENSG00000164647,0.9725129,0.14612803,0.9725129,1.0,1
ENSG00000054116,1.1196848,2.025101,1.1196848,1.0,1
ENSG00000102547,1.0697716,0.30963016,1.0697716,1.0,1
ENSG00000163634,1.0587543,1.7580788,1.0587543,1.0,1
ENSG00000168765,1.118977,1.604118,1.118977,1.0,1
ENSG00000147573,0.98791623,-0.82390875,0.98791623,1.0,1
ENSG00000145191,1.1006814,1.8125123,1.1006814,1.0,1
ENSG00000121989,1.02186,-0.04095861,1.02186,1.0,1
ENSG00000105186,1.1060585,1.7085909,1.1060585,1.0,1
ENSG00000136295,1.0873107,0.41664052,1.0873107,1.0,1
ENSG00000085511,1.0858725,1.512551,1.0858725,1.0,1
ENSG00000136928,0.99480486,-0.55284196,0.99480486,1.0,1
ENSG00000168389,1.0149328,-0.7212464,1.0149328,1.0,1
ENSG00000151929,1.025308,0.4785665,1.025308,1.0,1
ENSG00000173120,1.0867753,1.2915908,1.0867753,1.0,1
ENSG00000101350,1.0192734,0.88252455,1.0192734,1.0,1
ENSG00000172262,1.0454487,1.7367151,1.0454487,1.0,1
ENSG00000134152,1.0726184,1.5404546,1.0726184,1.0,1
ENSG00000171940,0.9877196,0.98407704,0.9877196,1.0,1
ENSG00000025293,1.0583805,1.5284024,1.0583805,0.0,1
ENSG00000213672,1.0616165,1.3752978,1.0616165,1.0,1
ENSG00000109606,1.0609795,2.2973008,1.0609795,1.0,1
ENSG00000196365,1.1126815,1.8886849,1.1126815,1.0,1
ENSG00000182858,1.0632044,0.41995576,1.0632044,1.0,1
ENSG00000138615,0.96500474,-0.88605666,0.96500474,1.0,1
ENSG00000165490,1.0217375,1.2516382,1.0217375,1.0,1
ENSG00000119446,1.0988358,1.6288996,1.0988358,1.0,1
ENSG00000196419,1.1165857,2.1923723,1.1165857,1.0,1
ENSG00000115275,1.0247893,1.5039268,1.0247893,1.0,1
ENSG00000141526,0.99744093,0.68304706,0.99744093,1.0,1
ENSG00000010404,1.0192441,1.201124,1.0192441,1.0,1
ENSG00000102349,0.97602224,-0.79588,0.97602224,1.0,1
ENSG00000167588,1.0172387,-0.18045606,1.0172387,1.0,1
ENSG00000132522,1.0794059,1.2027607,1.0794059,1.0,1
ENSG00000010818,0.97129285,0.04921802,0.97129285,1.0,1
ENSG00000069702,1.0455068,1.1014034,1.0455068,1.0,1
ENSG00000166762,0.94743764,0.8555192,0.94743764,1.0,1
ENSG00000124587,1.0888834,0.8394781,1.0888834,1.0,1
ENSG00000132670,1.103962,1.7884512,1.103962,1.0,1
ENSG00000105171,1.1492907,1.8568497,1.1492907,1.0,1
ENSG00000198498,1.0784215,1.304275,1.0784215,1.0,1
ENSG00000227345,1.015567,1.3306167,1.015567,1.0,1
ENSG00000151893,1.0811468,1.045323,1.0811468,1.0,1
ENSG00000137210,1.1226743,2.3674119,1.1226743,1.0,1
ENSG00000068120,1.0939963,1.590619,1.0939963,1.0,1
ENSG00000204427,1.193072,1.9892718,1.193072,1.0,1
ENSG00000151461,1.0617859,1.2603099,1.0617859,1.0,1
ENSG00000103356,1.0712007,1.674034,1.0712007,1.0,1
ENSG00000138030,1.1005727,0.4578819,1.1005727,1.0,1
ENSG00000123737,1.1099937,1.9109977,1.1099937,1.0,1
ENSG00000105982,1.0846665,0.5740313,1.0846665,1.0,1
ENSG00000149136,1.0918192,2.2829165,1.0918192,1.0,1
ENSG00000166105,1.0347401,-0.39794,1.0347401,1.0,1
ENSG00000015479,1.0908242,2.2356293,1.0908242,1.0,1
ENSG00000197444,1.0110579,0.1430148,1.0110579,1.0,1
ENSG00000070214,1.0048263,-0.55284196,1.0048263,1.0,1
ENSG00000151651,1.0192654,0.4756712,1.0192654,1.0,1
ENSG00000102575,0.99722123,-0.20065945,0.99722123,1.0,1
ENSG00000088854,1.0624788,0.4456042,1.0624788,1.0,1
ENSG00000124209,1.0911077,0.7259116,1.0911077,1.0,1
ENSG00000040487,1.124909,1.3471348,1.124909,1.0,1
ENSG00000112304,1.0822868,1.9530828,1.0822868,1.0,1
ENSG00000119408,1.0330793,1.2033049,1.0330793,1.0,1
ENSG00000154358,0.9947642,0.5599066,0.9947642,1.0,1
ENSG00000148672,1.0080884,1.7804613,1.0080884,1.0,1
ENSG00000189306,1.01877,1.4299136,1.01877,1.0,1
ENSG00000185973,1.0119041,1.469822,1.0119041,1.0,1
ENSG00000107614,1.0902635,0.8998205,1.0902635,1.0,1
ENSG00000197362,1.0188092,0.36361197,1.0188092,1.0,1
ENSG00000103194,1.0785128,2.085005,1.0785128,1.0,1
ENSG00000163069,0.9676501,-0.7447275,0.9676501,1.0,1
ENSG00000158161,1.1289381,1.7312664,1.1289381,1.0,1
ENSG00000116205,1.0802182,0.80071706,1.0802182,1.0,1
ENSG00000197943,1.019993,0.68394715,1.019993,1.0,1
ENSG00000138686,1.0735012,1.2472365,1.0735012,1.0,1
ENSG00000160255,1.0016268,-0.08092191,1.0016268,1.0,1
ENSG00000166908,1.087478,1.3914644,1.087478,1.0,1
ENSG00000078902,1.082628,1.0711453,1.082628,1.0,1
ENSG00000100897,1.1335706,1.4797193,1.1335706,1.0,1
ENSG00000102882,1.088391,1.6550423,1.088391,1.0,1
ENSG00000162972,1.0547142,1.2219356,1.0547142,1.0,1
ENSG00000130818,1.0494794,0.86391735,1.0494794,1.0,1
ENSG00000165264,1.0735816,1.6783363,1.0735816,1.0,1
ENSG00000137868,1.0242494,0.2121876,1.0242494,1.0,1
ENSG00000058335,0.9905962,-0.82390875,0.9905962,1.0,1
ENSG00000160445,1.0940208,0.9344984,1.0940208,1.0,1
ENSG00000150995,1.0945233,1.2787536,1.0945233,1.0,1
ENSG00000156261,1.1366063,2.6973863,1.1366063,1.0,1
ENSG00000198830,1.1647922,2.5121105,1.1647922,1.0,1
ENSG00000119703,1.0316015,0.7075702,1.0316015,1.0,1
ENSG00000141759,1.057124,1.9526472,1.057124,1.0,1
ENSG00000127831,0.9971029,-0.27572414,0.9971029,1.0,1
ENSG00000033170,0.9990629,0.7737864,0.9990629,1.0,1
ENSG00000205155,1.1075765,1.4055171,1.1075765,1.0,1
ENSG00000089876,0.9957621,1.155336,0.9957621,1.0,1
ENSG00000133706,1.10445,1.7079958,1.10445,1.0,1
ENSG00000213809,0.99397504,-0.7695511,0.99397504,1.0,1
ENSG00000142303,1.0229651,-0.34678748,1.0229651,1.0,1
ENSG00000130956,1.0254008,0.1903317,1.0254008,1.0,1
ENSG00000175544,1.0022389,-0.85387194,1.0022389,1.0,1
ENSG00000116171,1.0768253,1.7989957,1.0768253,1.0,1
ENSG00000165898,1.0796291,1.4007106,1.0796291,0.34972677,1
ENSG00000143157,1.0408012,0.9795484,1.0408012,1.0,1
ENSG00000120314,1.0878773,1.5098743,1.0878773,1.0,1
ENSG00000103353,1.1119772,1.6131015,1.1119772,1.0,1
ENSG00000198898,1.1363782,2.0552635,1.1363782,1.0,1
ENSG00000118307,1.0774802,-0.61978877,1.0774802,1.0,1
ENSG00000160111,1.1003121,0.28103337,1.1003121,1.0,1
ENSG00000133597,1.0366628,0.99475694,1.0366628,1.0,1
ENSG00000018869,1.0386215,0.38560626,1.0386215,1.0,1
ENSG00000196262,1.1313583,3.6723473,1.1313583,1.0,1
ENSG00000131013,1.0967869,1.0157788,1.0967869,1.0,1
ENSG00000122779,1.0881308,1.6976652,1.0881308,1.0,1
ENSG00000196511,1.1020914,0.8169038,1.1020914,1.0,1
ENSG00000092208,1.0899632,1.5059636,1.0899632,1.0,1
ENSG00000136404,0.99740195,0.4409091,0.99740195,1.0,1
ENSG00000003056,1.1036493,1.9407157,1.1036493,1.0,1
ENSG00000103966,1.0492913,0.7411516,1.0492913,1.0,1
ENSG00000213699,1.0368985,1.0523092,1.0368985,1.0,1
ENSG00000198700,1.1096408,1.763428,1.1096408,1.0,1
ENSG00000058063,1.1075969,1.4437323,1.1075969,1.0,1
ENSG00000149308,1.0508722,1.2543063,1.0508722,1.0,1
ENSG00000165678,1.0990136,2.5692334,1.0990136,1.0,1
ENSG00000011478,1.0893081,1.1610684,1.0893081,1.0,1
ENSG00000174460,0.9673906,-0.92081875,0.9673906,1.0,1
ENSG00000221890,0.99529725,0.32221928,0.99529725,1.0,1
ENSG00000169902,0.9942058,0.18752073,0.9942058,1.0,1
ENSG00000131037,1.0110846,1.0008677,1.0110846,1.0,1
ENSG00000137824,1.1198617,1.3879235,1.1198617,1.0,1
ENSG00000112419,1.0637983,1.0633334,1.0637983,1.0,1
ENSG00000100036,0.99715906,-0.113509275,0.99715906,1.0,1
ENSG00000097033,1.0858462,1.2873538,1.0858462,1.0,1
ENSG00000130287,0.9729064,-0.82390875,0.9729064,1.0,1
ENSG00000184730,1.0007114,0.06818586,1.0007114,1.0,1
ENSG00000126254,1.1023374,1.4910814,1.1023374,1.0,1
ENSG00000112511,1.1157943,1.618362,1.1157943,1.0,1
ENSG00000099812,0.96641684,-0.88605666,0.96641684,1.0,1
ENSG00000120656,1.1343583,1.7223871,1.1343583,1.0,1
ENSG00000176148,1.0606866,0.6794279,1.0606866,1.0,1
ENSG00000164031,1.0422102,0.9614211,1.0422102,1.0,1
ENSG00000107854,1.071528,1.1420765,1.071528,1.0,1
ENSG00000107485,0.9593422,-0.9586073,0.9593422,1.0,1
ENSG00000171793,1.1284393,1.5413296,1.1284393,1.0,1
ENSG00000198721,1.1080078,1.7478777,1.1080078,1.0,1
ENSG00000156381,1.0314351,1.1547282,1.0314351,1.0,1
ENSG00000120159,1.015396,1.0157788,1.015396,1.0,1
ENSG00000151287,1.0507734,1.3982873,1.0507734,1.0,1
ENSG00000056050,1.069153,1.3394514,1.069153,1.0,1
ENSG00000174483,1.0657703,1.0948204,1.0657703,1.0,1
ENSG00000110169,0.99729085,-0.5086383,0.99729085,1.0,1
ENSG00000101444,1.0863551,2.3206031,1.0863551,1.0,1
ENSG00000136935,1.1264275,1.1338581,1.1264275,1.0,1
ENSG00000186416,1.0047834,1.141136,1.0047834,1.0,1
ENSG00000040531,1.0801644,0.5670264,1.0801644,1.0,1
ENSG00000003756,1.1117984,2.1204424,1.1117984,1.0,1
ENSG00000163738,1.0890101,1.41397,1.0890101,1.0,1
ENSG00000183337,1.0204068,1.3308195,1.0204068,1.0,1
ENSG00000049089,1.0627772,-0.39794,1.0627772,1.0,1
ENSG00000109501,0.9870974,-0.9586073,0.9870974,1.0,1
ENSG00000185920,1.0474957,0.40993312,1.0474957,1.0,1
ENSG00000013441,1.104201,1.877947,1.104201,1.0,1
ENSG00000172819,1.045141,0.54900324,1.045141,1.0,1
ENSG00000164168,1.0836552,1.1824147,1.0836552,1.0,1
ENSG00000166743,1.0146341,0.021189298,1.0146341,1.0,1
ENSG00000178951,1.0216502,0.26951295,1.0216502,1.0,1
ENSG00000258466,0.9647896,-0.39794,0.9647896,1.0,1
ENSG00000104886,1.1005805,1.7879561,1.1005805,1.0,1
ENSG00000146842,1.1440427,2.0689275,1.1440427,1.0,1
ENSG00000134690,1.1598471,1.9716005,1.1598471,1.0,1
ENSG00000142784,1.0828635,1.0094509,1.0828635,1.0,1
ENSG00000100532,1.0176107,0.67117286,1.0176107,1.0,1
ENSG00000153048,1.0704778,1.4888326,1.0704778,1.0,1
ENSG00000177731,1.0654739,2.0132165,1.0654739,1.0,1
ENSG00000147168,1.0317757,1.5870371,1.0317757,1.0,1
ENSG00000188612,1.1310118,2.5594876,1.1310118,1.0,1
ENSG00000183048,1.1119052,1.3802112,1.1119052,1.0,1
ENSG00000152601,1.0857066,1.9937888,1.0857066,1.0,1
ENSG00000129465,1.0084871,-0.61978877,1.0084871,1.0,1
ENSG00000122971,1.0942096,1.0468851,1.0942096,1.0,1
ENSG00000141367,1.1049279,2.1812718,1.1049279,1.0,1
ENSG00000105699,1.0882747,1.3923452,1.0882747,1.0,1
ENSG00000132004,1.063367,0.9425041,1.063367,1.0,1
ENSG00000203667,1.1446903,1.5300716,1.1446903,1.0,1
ENSG00000185000,1.1164895,1.862012,1.1164895,1.0,1
ENSG00000134245,0.98701006,-0.82390875,0.98701006,1.0,1
ENSG00000007264,1.0744172,1.4003652,1.0744172,0.98459566,1
ENSG00000160194,1.0474268,1.4951279,1.0474268,1.0,1
ENSG00000068903,1.1312125,1.3958504,1.1312125,1.0,1
ENSG00000165804,0.980958,0.29225606,0.980958,1.0,1
ENSG00000102871,1.0502535,0.8394781,1.0502535,1.0,1
ENSG00000074181,0.98741096,-0.537602,0.98741096,1.0,1
ENSG00000182179,1.0201046,0.38201705,1.0201046,1.0,1
ENSG00000167394,1.0616868,0.5289167,1.0616868,1.0,1
ENSG00000112640,1.1070973,1.6687585,1.1070973,1.0,1
ENSG00000160633,1.1251699,1.4723176,1.1251699,1.0,1
ENSG00000168528,1.0188015,-0.07058107,1.0188015,1.0,1
ENSG00000111678,1.1015154,2.3016593,1.1015154,1.0,1
ENSG00000140350,1.0995479,2.019905,1.0995479,1.0,1
ENSG00000158234,1.0260545,0.19312459,1.0260545,1.0,1
ENSG00000140534,1.0585271,1.0884905,1.0585271,1.0,1
ENSG00000183828,1.0228851,0.8808136,1.0228851,1.0,1
ENSG00000020181,0.98281884,-0.82390875,0.98281884,1.0,1
ENSG00000125885,1.0642282,1.505557,1.0642282,1.0,1
ENSG00000165714,1.0607682,0.7474118,1.0607682,1.0,1
ENSG00000046604,1.0452656,1.7292458,1.0452656,1.0,1
ENSG00000110442,1.0231053,1.548635,1.0231053,1.0,1
ENSG00000144791,1.0336629,1.2711443,1.0336629,1.0,1
ENSG00000095380,1.0664035,2.0218918,1.0664035,1.0,1
ENSG00000173757,1.0901451,2.0993698,1.0901451,1.0,1
ENSG00000197714,1.0343622,1.201943,1.0343622,1.0,1
ENSG00000110330,1.0497142,1.5868123,1.0497142,1.0,1
ENSG00000165912,1.0422503,0.7497363,1.0422503,1.0,1
ENSG00000163082,0.95716494,-0.9586073,0.95716494,1.0,1
ENSG00000116473,1.1093141,1.6959193,1.1093141,1.0,1
ENSG00000135870,1.0822455,1.1383027,1.0822455,1.0,1
ENSG00000243335,1.0831132,1.3085644,1.0831132,1.0,1
ENSG00000100083,1.1367244,1.6094877,1.1367244,1.0,1
ENSG00000118564,1.045545,1.3038437,1.045545,1.0,1
ENSG00000069869,1.0569125,1.071882,1.0569125,1.0,1
ENSG00000095906,1.0970434,1.3374592,1.0970434,1.0,1
ENSG00000186448,1.0371677,0.9758911,1.0371677,1.0,1
ENSG00000167525,1.0726312,0.7611758,1.0726312,1.0,1
ENSG00000160959,1.0605768,1.2940251,1.0605768,1.0,1
ENSG00000145216,1.10264,1.3816565,1.10264,1.0,1
ENSG00000125864,0.9983065,-0.29242983,0.9983065,1.0,1
ENSG00000138134,0.98355854,-0.9586073,0.98355854,1.0,1
ENSG00000163661,0.95921785,-0.92081875,0.95921785,1.0,1
ENSG00000099974,0.97738886,-0.7212464,0.97738886,1.0,1
ENSG00000150967,1.0423827,0.71349055,1.0423827,0.6142857,1
ENSG00000145348,1.1100949,1.278525,1.1100949,1.0,1
ENSG00000183655,0.96336484,-0.7212464,0.96336484,1.0,1
ENSG00000161904,1.0582284,1.5798979,1.0582284,1.0,1
ENSG00000169249,1.0617777,0.9390198,1.0617777,1.0,1
ENSG00000140650,1.118444,1.1792644,1.118444,1.0,1
ENSG00000123124,1.0376363,0.9253121,1.0376363,1.0,1
ENSG00000100227,1.0895563,1.5873742,1.0895563,1.0,1
ENSG00000165526,1.0799333,1.6079909,1.0799333,1.0,1
ENSG00000049246,1.0596364,1.218798,1.0596364,1.0,1
ENSG00000132912,1.1324701,1.7117229,1.1324701,1.0,1
ENSG00000103051,1.1062388,1.7604979,1.1062388,1.0,1
ENSG00000127663,1.0637355,1.0948204,1.0637355,1.0,1
ENSG00000176473,1.0332448,0.7242759,1.0332448,1.0,1
ENSG00000090861,1.0996305,2.2807605,1.0996305,1.0,1
ENSG00000144283,1.0806184,1.7081659,1.0806184,1.0,1
ENSG00000162695,1.092908,0.7226339,1.092908,1.0,1
ENSG00000186665,1.0476893,1.3895204,1.0476893,1.0,1
ENSG00000076351,1.0144421,0.42160392,1.0144421,1.0,1
ENSG00000104976,1.0701891,1.0944711,1.0701891,1.0,1
ENSG00000125457,1.0982851,1.6118295,1.0982851,1.0,1
ENSG00000103769,1.1013799,2.4376237,1.1013799,1.0,1
ENSG00000156869,1.081445,1.5308398,1.081445,1.0,1
ENSG00000167986,1.119151,2.3942416,1.119151,1.0,1
ENSG00000056558,1.0172004,-0.1674911,1.0172004,1.0,1
ENSG00000076513,1.1026851,1.5936183,1.1026851,1.0,1
ENSG00000138758,1.0711163,1.8264636,1.0711163,1.0,1
ENSG00000187144,1.0255203,-0.7447275,1.0255203,1.0,1
ENSG00000064995,1.1054535,1.8044802,1.1054535,1.0,1
ENSG00000196456,1.0272361,0.7283538,1.0272361,1.0,1
ENSG00000154710,1.0866987,1.2823955,1.0866987,1.0,1
ENSG00000010219,1.0214133,1.3230457,1.0214133,1.0,1
ENSG00000205758,1.1398866,1.8885726,1.1398866,1.0,1
ENSG00000119414,1.0972403,1.4562142,1.0972403,1.0,1
ENSG00000140750,1.0552148,0.90036714,1.0552148,1.0,1
ENSG00000135365,1.080783,1.1195858,1.080783,1.0,1
ENSG00000053524,1.0499616,0.5428254,1.0499616,1.0,1
ENSG00000065911,1.1099583,2.3176246,1.1099583,1.0,1
ENSG00000151445,1.1221954,1.2904798,1.1221954,1.0,1
ENSG00000103657,1.0949734,1.5582284,1.0949734,1.0,1
ENSG00000140905,1.1119471,1.572058,1.1119471,1.0,1
ENSG00000168944,1.0812343,1.3085644,1.0812343,1.0,1
ENSG00000102057,0.9942883,-0.26760623,0.9942883,1.0,1
ENSG00000139160,1.063712,-0.055517327,1.063712,1.0,1
ENSG00000134987,1.0652229,1.6682928,1.0652229,1.0,1
ENSG00000091732,1.0859865,1.8364507,1.0859865,1.0,1
ENSG00000169762,1.0449003,1.452553,1.0449003,1.0,1
ENSG00000123636,1.0431659,1.2000293,1.0431659,1.0,1
ENSG00000139197,1.0817963,1.1152776,1.0817963,1.0,1
ENSG00000125551,0.96667886,-0.63827217,0.96667886,1.0,1
ENSG00000123384,1.0508641,-0.4436975,1.0508641,1.0,1
ENSG00000240065,1.0839217,0.25285304,1.0839217,1.0,1
ENSG00000151239,1.0794123,1.2177471,1.0794123,1.0,1
ENSG00000175265,1.0523108,1.8933734,1.0523108,1.0,1
ENSG00000249471,1.018235,0.519828,1.018235,1.0,1
ENSG00000183111,0.98224276,-0.88605666,0.98224276,1.0,1
ENSG00000162909,1.1192336,1.9639766,1.1192336,1.0,1
ENSG00000116717,1.1069828,1.7065471,1.1069828,1.0,1
ENSG00000213064,1.1262957,1.4121244,1.1262957,1.0,1
ENSG00000109787,1.0467066,1.1947918,1.0467066,1.0,1
ENSG00000176170,1.066662,1.2203696,1.066662,1.0,1
ENSG00000136152,1.075133,1.1708483,1.075133,1.0,1
ENSG00000141905,1.0819539,0.30963016,1.0819539,1.0,1
ENSG00000152284,0.9939267,-0.9586073,0.9939267,1.0,1
ENSG00000012174,0.9876003,1.1041455,0.9876003,1.0,1
ENSG00000205084,1.0479648,1.3660492,1.0479648,1.0,1
ENSG00000182287,1.0505244,1.2148439,1.0505244,0.0,1
ENSG00000204256,1.0724236,2.225955,1.0724236,1.0,1
ENSG00000142655,1.0946287,1.0413927,1.0946287,1.0,1
ENSG00000114200,0.93300796,-0.7447275,0.93300796,1.0,1
ENSG00000126461,1.0497552,0.5237465,1.0497552,1.0,1
ENSG00000107798,0.97899234,-0.82390875,0.97899234,1.0,1
ENSG00000026652,1.0663565,1.108565,1.0663565,1.0,1
ENSG00000189334,1.0373628,-0.69897,1.0373628,1.0,1
ENSG00000138617,1.0441438,0.85248,1.0441438,1.0,1
ENSG00000144224,1.1007001,1.9483151,1.1007001,1.0,1
ENSG00000186020,1.0412545,1.0174507,1.0412545,1.0,1
ENSG00000197063,1.039082,1.3312248,1.039082,1.0,1
ENSG00000244005,1.110475,1.762003,1.110475,1.0,1
ENSG00000254870,1.033662,1.8251663,1.033662,1.0,1
ENSG00000236287,1.0573504,1.7107096,1.0573504,1.0,1
ENSG00000155858,1.0001887,0.8267225,1.0001887,1.0,1
ENSG00000256087,1.0534098,0.5820634,1.0534098,1.0,1
ENSG00000132330,1.0856005,1.1132747,1.0856005,1.0,1
ENSG00000144161,1.1109074,0.9278834,1.1109074,1.0,1
ENSG00000134627,1.0553981,0.50105923,1.0553981,1.0,1
ENSG00000160505,0.95610297,-0.88605666,0.95610297,1.0,1
ENSG00000169519,0.9749343,1.1821293,0.9749343,1.0,1
ENSG00000104517,1.1098269,1.861833,1.1098269,1.0,1
ENSG00000108468,1.0631689,1.4821587,1.0631689,1.0,1
ENSG00000101417,1.0692036,0.7474118,1.0692036,1.0,1
ENSG00000083099,1.0666133,1.5536404,1.0666133,1.0,1
ENSG00000197223,1.0934745,1.5094713,1.0934745,1.0,1
ENSG00000168826,1.0305884,0.5646661,1.0305884,1.0,1
ENSG00000090316,1.1109568,1.6761447,1.1109568,1.0,1
ENSG00000146955,0.99075633,-0.82390875,0.99075633,1.0,1
ENSG00000164828,1.0463147,2.0495281,1.0463147,1.0,1
ENSG00000149532,1.085544,1.5731038,1.085544,1.0,1
ENSG00000084072,1.1058141,2.1067686,1.1058141,1.0,1
ENSG00000146918,1.120059,1.8914818,1.120059,1.0,1
ENSG00000176890,1.0949386,2.4058414,1.0949386,1.0,1
ENSG00000105401,1.0775131,2.4003134,1.0775131,1.0,1
ENSG00000197965,1.0766281,1.9897168,1.0766281,1.0,1
ENSG00000181625,0.992513,1.0652062,0.992513,1.0,1
ENSG00000136560,1.0635171,1.6435513,1.0635171,1.0,1
ENSG00000152291,1.0753661,1.5982432,1.0753661,1.0,1
ENSG00000099968,1.064331,1.6910815,1.064331,1.0,1
ENSG00000111057,1.0725583,2.4412708,1.0725583,1.0,1
ENSG00000069020,1.0220574,0.61278385,1.0220574,1.0,1
ENSG00000172053,1.136677,2.1927068,1.136677,1.0,1
ENSG00000164104,1.0982376,2.621145,1.0982376,1.0,1
ENSG00000213551,1.0986103,1.8321255,1.0986103,1.0,1
ENSG00000111846,0.97284526,-0.22184876,0.97284526,1.0,1
ENSG00000130772,1.0738477,1.3916407,1.0738477,1.0,1
ENSG00000131373,1.1379005,1.6127839,1.1379005,1.0,1
ENSG00000099864,1.0043012,0.3138672,1.0043012,1.0,1
ENSG00000050344,0.9988158,1.0124154,0.9988158,1.0,1
ENSG00000123545,1.0575107,2.0962493,1.0575107,1.0,1
ENSG00000107263,1.0064423,1.2935835,1.0064423,1.0,1
ENSG00000129518,1.0572746,1.3289908,1.0572746,1.0,1
ENSG00000142459,1.0842474,0.24797326,1.0842474,1.0,1
ENSG00000165475,1.0256816,0.820858,1.0256816,1.0,1
ENSG00000103126,1.0297412,0.9132839,1.0297412,1.0,1
ENSG00000104883,1.0641133,0.041392684,1.0641133,1.0,1
ENSG00000137474,1.0165724,-0.69897,1.0165724,1.0,1
ENSG00000078061,1.1193887,1.5990093,1.1193887,1.0,1
ENSG00000111832,1.1107867,1.5114822,1.1107867,1.0,1
ENSG00000172020,0.96554446,-0.92081875,0.96554446,1.0,1
ENSG00000185818,0.9381107,0.5526682,0.9381107,1.0,1
ENSG00000008441,1.0601407,0.48144263,1.0601407,1.0,1
ENSG00000136986,1.1137472,1.4865721,1.1137472,1.0,1
ENSG00000213024,1.0410974,1.280806,1.0410974,1.0,1
ENSG00000214013,1.1058555,1.17667,1.1058555,1.0,1
ENSG00000128159,1.0570077,1.0461048,1.0570077,1.0,1
ENSG00000132109,0.9868286,1.1556396,0.9868286,1.0,1
ENSG00000007541,1.0374615,1.0852906,1.0374615,1.0,1
ENSG00000189067,0.9731535,0.6884198,0.9731535,1.0,1
ENSG00000160199,1.0944602,1.2869054,1.0944602,1.0,1
ENSG00000164053,1.0540469,0.90902084,1.0540469,1.0,1
ENSG00000173852,1.0623364,1.3586961,1.0623364,1.0,1
ENSG00000198162,1.0716791,1.1580608,1.0716791,1.0,1
ENSG00000174891,1.0876435,1.1379868,1.0876435,1.0,1
ENSG00000108587,1.0922289,1.2013972,1.0922289,1.0,1
ENSG00000237649,1.0853826,1.8893017,1.0853826,1.0,1
ENSG00000144591,1.1029469,1.9159799,1.1029469,1.0,1
ENSG00000115368,1.089996,1.839855,1.089996,1.0,1
ENSG00000135482,1.0389053,-0.017728766,1.0389053,1.0,1
ENSG00000111450,1.0885444,1.6092741,1.0885444,1.0,1
ENSG00000014138,1.1526779,1.9872639,1.1526779,1.0,1
ENSG00000029993,1.0402571,1.360404,1.0402571,1.0,1
ENSG00000061273,1.0760154,1.4109459,1.0760154,1.0,1
ENSG00000157800,1.0989041,1.7117229,1.0989041,1.0,1
ENSG00000153561,1.0296069,1.3207692,1.0296069,1.0,1
ENSG00000130052,1.0022763,1.1866739,1.0022763,1.0,1
ENSG00000168916,0.96630263,-0.1426675,0.96630263,1.0,1
ENSG00000183423,0.9160924,-0.65757734,0.9160924,1.0,1
ENSG00000163872,1.0694367,1.4508647,1.0694367,1.0,1
ENSG00000173575,1.0962571,1.6728364,1.0962571,1.0,1
ENSG00000173153,1.0804259,1.3740147,1.0804259,1.0,1
ENSG00000101290,1.0890527,1.6155292,1.0890527,1.0,1
ENSG00000135249,1.0952321,1.7134905,1.0952321,1.0,1
ENSG00000139437,1.0759357,1.0534626,1.0759357,1.0,1
ENSG00000138593,1.0553921,1.0017337,1.0553921,1.0,1
ENSG00000100596,1.0681683,1.3396502,1.0681683,1.0,1
ENSG00000158815,1.0073704,-0.56863624,1.0073704,1.0,1
ENSG00000170876,1.1364269,1.5630062,1.1364269,1.0,1
ENSG00000130208,1.0345665,2.0516927,1.0345665,1.0,1
ENSG00000131398,1.0159415,0.36921585,1.0159415,1.0,1
ENSG00000198189,1.0831438,1.7759016,1.0831438,1.0,1
ENSG00000121749,1.0952433,1.57841,1.0952433,1.0,1
ENSG00000112079,1.108209,1.2352759,1.108209,1.0,1
ENSG00000168517,1.0534188,0.053078443,1.0534188,1.0,1
ENSG00000163507,1.0777442,1.3386557,1.0777442,1.0,1
ENSG00000162430,1.0350589,0.75739604,1.0350589,1.0,1
ENSG00000164404,1.0477604,-0.1426675,1.0477604,1.0,1
ENSG00000101384,0.989446,-0.7447275,0.989446,1.0,1
ENSG00000114902,1.0778612,1.7300551,1.0778612,1.0,1
ENSG00000172339,1.0567349,0.36921585,1.0567349,1.0,1
ENSG00000146414,1.0766349,1.2792106,1.0766349,1.0,1
ENSG00000171148,1.083511,1.6979264,1.083511,1.0,1
ENSG00000101413,1.0928816,1.4312029,1.0928816,1.0,1
ENSG00000134248,1.0971338,2.6253228,1.0971338,1.0,1
ENSG00000164934,1.0753909,2.0122888,1.0753909,1.0,1
ENSG00000186792,1.065117,0.6928469,1.065117,0.97359735,1
ENSG00000147124,1.0297633,0.66745293,1.0297633,1.0,1
ENSG00000141384,1.0695301,1.1658376,1.0695301,1.0,1
ENSG00000160691,1.0794638,1.7640266,1.0794638,1.0,1
ENSG00000103599,1.0830933,0.40140054,1.0830933,1.0,1
ENSG00000181035,1.0886939,1.1592664,1.0886939,1.0,1
ENSG00000120370,0.9868164,1.0394142,0.9868164,1.0,1
ENSG00000067955,1.123747,1.5532761,1.123747,1.0,1
ENSG00000145388,1.0605718,1.2935835,1.0605718,1.0,1
ENSG00000090487,1.0908015,1.6517625,1.0908015,1.0,1
ENSG00000240053,0.9994645,1.162863,0.9994645,1.0,1
ENSG00000132256,1.069891,1.114611,1.069891,1.0,1
ENSG00000136932,1.0512838,1.0809871,1.0512838,1.0,1
ENSG00000156510,1.0004758,-0.88605666,1.0004758,1.0,1
ENSG00000103994,1.0661631,1.3868555,1.0661631,1.0,1
ENSG00000057019,1.0450482,0.9365137,1.0450482,1.0,1
ENSG00000137492,1.0333325,1.8055688,1.0333325,1.0,1
ENSG00000165185,1.0406153,0.9740509,1.0406153,1.0,1
ENSG00000213983,1.0928373,1.8955883,1.0928373,1.0,1
ENSG00000044090,1.0913386,1.3767594,1.0913386,1.0,1
ENSG00000136450,1.0939385,2.4945998,1.0939385,1.0,1
ENSG00000179943,1.0480055,0.54032946,1.0480055,1.0,1
ENSG00000128891,1.0677308,1.4581845,1.0677308,1.0,1
ENSG00000132205,0.9849388,-0.4685211,0.9849388,1.0,1
ENSG00000162738,1.0168946,0.53147894,1.0168946,1.0,1
ENSG00000028203,1.044431,1.6555226,1.044431,1.0,1
ENSG00000076924,1.1154373,1.3422252,1.1154373,1.0,1
ENSG00000010278,1.0583063,0.84633714,1.0583063,1.0,1
ENSG00000204463,1.1215032,2.0528092,1.1215032,1.0,1
ENSG00000050327,0.96288514,-0.55284196,0.96288514,1.0,1
ENSG00000096401,1.1183661,1.3180634,1.1183661,1.0,1
ENSG00000163933,1.0695541,1.2052044,1.0695541,1.0,1
ENSG00000036672,1.0476495,0.5453071,1.0476495,1.0,1
ENSG00000181222,1.093072,0.9479236,1.093072,1.0,1
ENSG00000162591,1.024359,-0.7447275,1.024359,1.0,1
ENSG00000134283,1.102436,1.9033071,1.102436,1.0,1
ENSG00000150756,1.0909742,1.4962375,1.0909742,1.0,1
ENSG00000139517,1.0205644,0.48995847,1.0205644,1.0,1
ENSG00000188859,0.98263013,-0.55284196,0.98263013,1.0,1
ENSG00000146411,0.99143374,0.11058971,0.99143374,1.0,1
ENSG00000035141,1.0227202,1.8196098,1.0227202,1.0,1
ENSG00000173264,1.0913143,0.8363241,1.0913143,1.0,1
ENSG00000163156,1.1046841,1.198107,1.1046841,1.0,1
ENSG00000184083,0.97602344,0.25767857,0.97602344,1.0,1
ENSG00000184708,1.0641824,1.0951693,1.0641824,0.012254902,1
ENSG00000100697,1.046033,1.1858253,1.046033,1.0,1
ENSG00000117362,1.1035199,1.9643539,1.1035199,1.0,1
ENSG00000080603,1.0852875,0.5378191,1.0852875,1.0,1
ENSG00000064666,1.0786314,1.5922878,1.0786314,1.0,1
ENSG00000163463,1.1118832,2.086075,1.1118832,1.0,1
ENSG00000102103,1.1164718,1.7841178,1.1164718,1.0,1
ENSG00000085998,1.1428899,1.5644293,1.1428899,1.0,1
ENSG00000198176,1.0198816,1.822495,1.0198816,1.0,1
ENSG00000175854,1.1400081,2.0201125,1.1400081,1.0,1
ENSG00000010626,1.0566324,0.7671559,1.0566324,1.0,1
ENSG00000104818,1.0103269,-0.7212464,1.0103269,1.0,1
ENSG00000093010,1.0654434,2.4356375,1.0654434,1.0,1
ENSG00000154957,1.0359088,0.63548374,1.0359088,1.0,1
ENSG00000100605,1.0567886,1.3767594,1.0567886,1.0,1
ENSG00000148356,1.1332513,0.6324573,1.1332513,1.0,1
ENSG00000138375,1.05653,1.349666,1.05653,1.0,1
ENSG00000125945,1.0536671,0.8494194,1.0536671,1.0,1
ENSG00000010803,1.0724443,1.4431064,1.0724443,1.0,1
ENSG00000171208,1.0382637,1.3787612,1.0382637,1.0,1
ENSG00000124067,1.095704,1.4531654,1.095704,1.0,1
ENSG00000155755,0.9905664,1.154424,0.9905664,1.0,1
ENSG00000176208,1.0646232,1.2027607,1.0646232,1.0,1
ENSG00000172239,1.0958267,2.1279466,1.0958267,1.0,1
ENSG00000128581,1.0624596,0.72997427,1.0624596,1.0,1
ENSG00000028116,1.0909878,1.4935975,1.0909878,1.0,1
ENSG00000103490,1.0208347,1.1826999,1.0208347,0.43558952,1
ENSG00000100934,1.0545754,1.5670264,1.0545754,1.0,1
ENSG00000166529,1.0488647,0.9609462,1.0488647,1.0,1
ENSG00000088930,1.088013,1.6702459,1.088013,1.0,1
ENSG00000164309,0.94359577,-0.4089354,0.94359577,1.0,1
ENSG00000087995,1.0361515,1.41397,1.0361515,1.0,1
ENSG00000101882,1.0462052,0.6848454,1.0462052,1.0,1
ENSG00000215717,1.1589348,1.3149201,1.1589348,1.0,1
ENSG00000188938,1.0369928,1.4747988,1.0369928,1.0,1
ENSG00000057608,1.1161424,2.2882044,1.1161424,1.0,1
ENSG00000164070,1.0796095,1.0178677,1.0796095,1.0,1
ENSG00000108518,1.0903399,2.566685,1.0903399,1.0,1
ENSG00000175764,1.0021836,0.28103337,1.0021836,1.0,1
ENSG00000020633,0.97814786,-0.92081875,0.97814786,1.0,1
ENSG00000169359,1.053552,1.3277675,1.053552,1.0,1
ENSG00000163807,1.0588968,1.4502491,1.0588968,1.0,1
ENSG00000164182,1.0602627,1.6754117,1.0602627,1.0,1
ENSG00000117560,0.9807209,-0.92081875,0.9807209,1.0,1
ENSG00000197142,1.0057697,-0.04575749,1.0057697,1.0,1
ENSG00000149922,1.0713638,-0.69897,1.0713638,1.0,1
ENSG00000166321,1.0786178,0.93298084,1.0786178,1.0,1
ENSG00000141027,1.0614926,1.6990569,1.0614926,1.0,1
ENSG00000158711,1.0690981,0.9444827,1.0690981,1.0,1
ENSG00000159479,1.1177512,1.3298045,1.1177512,1.0,1
ENSG00000187796,1.0837018,1.1775365,1.0837018,1.0,1
ENSG00000170324,1.0037382,0.07918125,1.0037382,1.0,1
ENSG00000139613,1.0819719,1.6319509,1.0819719,1.0,1
ENSG00000111319,0.98127925,-0.61978877,0.98127925,1.0,1
ENSG00000114812,1.0401107,-0.61978877,1.0401107,1.0,1
ENSG00000198952,1.099294,1.5755342,1.099294,1.0,1
ENSG00000156535,0.9904923,-0.88605666,0.9904923,1.0,1
ENSG00000133321,1.0094362,-0.30980393,1.0094362,1.0,1
ENSG00000130304,1.0583497,0.1172713,1.0583497,1.0,1
ENSG00000122483,1.1063989,1.2400497,1.1063989,1.0,1
ENSG00000172057,1.0813471,1.5855736,1.0813471,1.0,1
ENSG00000205236,0.9746835,-0.7212464,0.9746835,1.0,1
ENSG00000086061,1.0650475,2.1338582,1.0650475,1.0,1
ENSG00000047315,1.084468,2.1932638,1.084468,1.0,1
ENSG00000137103,1.0465701,0.2966652,1.0465701,1.0,1
ENSG00000100403,1.0555929,1.2482185,1.0555929,1.0,1
ENSG00000101596,1.107937,1.746712,1.107937,1.0,1
ENSG00000065308,1.0583419,0.81291336,1.0583419,1.0,1
ENSG00000156384,1.0136445,0.69810057,1.0136445,1.0,1
ENSG00000067064,1.0835135,2.28416,1.0835135,1.0,1
ENSG00000126562,1.0731682,0.7176705,1.0731682,1.0,1
ENSG00000119514,0.9858178,1.8222989,0.9858178,1.0,1
ENSG00000204634,1.0057952,-0.0043648053,1.0057952,1.0,1
ENSG00000117139,1.0479048,1.7192484,1.0479048,1.0,1
ENSG00000100890,1.0512226,1.4496326,1.0512226,1.0,1
ENSG00000120899,1.0653003,1.3609719,1.0653003,1.0,1
ENSG00000091483,1.0691673,2.214897,1.0691673,1.0,1
ENSG00000011052,1.1078767,1.0437552,1.1078767,1.0,1
ENSG00000076984,1.1299425,1.0831442,1.1299425,1.0,1
ENSG00000166949,1.0715226,1.1658376,1.0715226,1.0,1
ENSG00000160284,1.0609117,1.06032,1.0609117,1.0,1
ENSG00000103479,1.0708702,1.8020892,1.0708702,1.0,1
ENSG00000140395,1.1307737,2.1770167,1.1307737,1.0,1
ENSG00000117713,1.0561773,1.198657,1.0561773,1.0,1
ENSG00000146109,1.0746659,1.5653754,1.0746659,1.0,1
ENSG00000035499,1.0637804,1.7120601,1.0637804,1.0,1
ENSG00000114554,0.95322627,1.5731038,0.95322627,1.0,1
ENSG00000139629,1.0151403,0.7937904,1.0151403,1.0,1
ENSG00000184232,1.0281177,0.7909885,1.0281177,1.0,1
ENSG00000096654,1.0555702,1.0017337,1.0555702,1.0,1
ENSG00000067182,1.0868787,1.351603,1.0868787,1.0,1
ENSG00000141428,1.0926799,1.6324573,1.0926799,1.0,1
ENSG00000131148,1.0877739,1.5896145,1.0877739,1.0,1
ENSG00000090932,0.9710261,0.27184162,0.9710261,1.0,1
ENSG00000007168,1.0696629,1.6084191,1.0696629,1.0,1
ENSG00000146757,1.0260669,0.9479236,1.0260669,0.8916914,1
ENSG00000114790,0.92438245,-0.92081875,0.92438245,1.0,1
ENSG00000107164,1.1234883,1.4774107,1.1234883,1.0,1
ENSG00000168610,1.1258733,1.913284,1.1258733,1.0,1
ENSG00000162642,1.0317237,1.4671639,1.0317237,1.0,1
ENSG00000181523,1.0375938,0.45178643,1.0375938,1.0,1
ENSG00000095564,1.0798476,1.7922516,1.0798476,1.0,1
ENSG00000164896,1.0998336,1.6710802,1.0998336,1.0,1
ENSG00000117877,1.0490993,0.8530895,1.0490993,1.0,1
ENSG00000101199,1.0723572,1.7181695,1.0723572,1.0,1
ENSG00000134970,1.0475049,1.4878451,1.0475049,1.0,1
ENSG00000088356,1.1024097,1.3184807,1.1024097,1.0,1
ENSG00000168894,1.1290702,2.50737,1.1290702,1.0,1
ENSG00000169682,1.0713141,1.11294,1.0713141,1.0,1
ENSG00000008394,0.9922644,1.8624295,0.9922644,1.0,1
ENSG00000101132,1.0955089,1.6816934,1.0955089,1.0,1
ENSG00000181135,1.0344931,0.5352941,1.0344931,1.0,1
ENSG00000167657,1.0582182,1.326131,1.0582182,1.0,1
ENSG00000185344,1.0868406,1.8576943,1.0868406,1.0,1
ENSG00000166268,0.9929783,-0.9586073,0.9929783,1.0,1
ENSG00000164010,1.1027454,1.2005769,1.1027454,1.0,1
ENSG00000239713,1.0072241,0.8893017,1.0072241,1.0,1
ENSG00000151208,1.0325221,0.91698,1.0325221,1.0,1
ENSG00000072135,1.1168443,1.6394864,1.1168443,1.0,1
ENSG00000155368,1.0882372,2.0240338,1.0882372,1.0,1
ENSG00000174928,1.0427068,0.71180725,1.0427068,1.0,1
ENSG00000186994,1.0056349,-0.79588,1.0056349,1.0,1
ENSG00000229809,1.0932028,0.27184162,1.0932028,1.0,1
ENSG00000100209,1.0797821,0.91698,1.0797821,1.0,1
ENSG00000129315,1.0683894,1.5712428,1.0683894,1.0,1
ENSG00000171953,1.0826348,0.9609462,1.0826348,1.0,1
ENSG00000137747,0.98942536,-0.45593196,0.98942536,1.0,1
ENSG00000163686,1.0281264,0.49968708,1.0281264,1.0,1
ENSG00000100767,0.9936516,0.4593925,0.9936516,1.0,1
ENSG00000105248,1.1139401,1.0464952,1.1139401,1.0,1
ENSG00000147601,1.0433434,1.1625644,1.0433434,1.0,1
ENSG00000174437,1.081406,1.717504,1.081406,1.0,1
ENSG00000101049,1.0292751,-0.26760623,1.0292751,1.0,1
ENSG00000129250,1.0753515,1.2489536,1.0753515,1.0,1
ENSG00000114796,1.0275136,1.1306554,1.0275136,1.0,1
ENSG00000177791,0.9990557,-0.79588,0.9990557,1.0,1
ENSG00000154174,1.0701729,1.5732198,1.0701729,1.0,1
ENSG00000171747,1.027727,-0.49485,1.027727,1.0,1
ENSG00000130638,1.0330871,2.1444185,1.0330871,1.0,1
ENSG00000115310,1.0596776,2.053578,1.0596776,1.0,1
ENSG00000172954,1.0309439,1.2013972,1.0309439,0.022134388,1
ENSG00000196943,1.0430188,0.94939,1.0430188,1.0,1
ENSG00000113073,0.98893845,-0.82390875,0.98893845,1.0,1
ENSG00000105835,1.0979247,1.8743658,1.0979247,1.0,1
ENSG00000119729,1.0662591,1.2372923,1.0662591,1.0,1
ENSG00000108733,1.0608958,0.95085144,1.0608958,1.0,1
ENSG00000104894,1.0551313,0.51587385,1.0551313,1.0,1
ENSG00000136938,1.1197884,2.042536,1.1197884,1.0,1
ENSG00000113712,1.1344963,2.1002326,1.1344963,1.0,1
ENSG00000070610,1.0723261,1.5948343,1.0723261,1.0,1
ENSG00000176946,1.0391963,1.3666097,1.0391963,1.0,1
ENSG00000135845,1.0747615,1.6721903,1.0747615,1.0,1
ENSG00000197498,1.1068796,1.820858,1.1068796,1.0,1
ENSG00000125735,1.0031636,-0.43179828,1.0031636,1.0,1
ENSG00000163617,1.0182644,-0.3767507,1.0182644,1.0,1
ENSG00000136840,1.0507613,1.1238517,1.0507613,1.0,1
ENSG00000150773,1.0592102,0.350248,1.0592102,1.0,1
ENSG00000113812,1.0350604,1.1055102,1.0350604,1.0,1
ENSG00000166797,1.1114788,2.26238,1.1114788,1.0,1
ENSG00000125166,1.0711054,1.6043341,1.0711054,1.0,1
ENSG00000119397,1.0757658,1.32695,1.0757658,1.0,1
ENSG00000137871,1.0634692,1.1401937,1.0634692,1.0,1
ENSG00000140577,1.0512375,1.09691,1.0512375,1.0,1
ENSG00000164823,1.0291746,1.2819419,1.0291746,1.0,1
ENSG00000153975,1.0373805,1.4631461,1.0373805,1.0,1
ENSG00000100505,0.92987955,-0.88605666,0.92987955,1.0,1
ENSG00000148204,0.98671883,-0.55284196,0.98671883,1.0,1
ENSG00000141582,1.0363907,0.9344984,1.0363907,1.0,1
ENSG00000146592,0.9729301,-0.4089354,0.9729301,1.0,1
ENSG00000139626,1.0061953,0.029383779,1.0061953,1.0,1
ENSG00000102174,1.0024368,-0.92081875,1.0024368,1.0,1
ENSG00000105750,0.9391408,0.21484385,0.9391408,1.0,1
ENSG00000171604,1.0214839,1.5905075,1.0214839,1.0,1
ENSG00000131446,1.0191185,1.5772619,1.0191185,1.0,1
ENSG00000164221,1.0414772,0.39967373,1.0414772,1.0,1
ENSG00000166200,1.0932778,1.8992184,1.0932778,1.0,1
ENSG00000143376,1.0532576,1.0273496,1.0532576,1.0,1
ENSG00000080608,1.0595651,1.5010593,1.0595651,1.0,1
ENSG00000136240,1.0756218,2.0493731,1.0756218,1.0,1
ENSG00000161202,1.0749236,1.2805784,1.0749236,1.0,1
ENSG00000166595,1.0995176,2.0856116,1.0995176,1.0,1
ENSG00000169592,1.1367648,1.2695129,1.1367648,1.0,1
ENSG00000111644,0.99495447,1.218798,0.99495447,1.0,1
ENSG00000129636,1.1164039,1.7702627,1.1164039,1.0,1
ENSG00000077585,0.9749875,-0.6777807,0.9749875,1.0,1
ENSG00000174705,0.97821033,-0.82390875,0.97821033,1.0,1
ENSG00000204209,1.0731534,1.3378584,1.0731534,1.0,1
ENSG00000116539,1.0484293,1.1436392,1.0484293,1.0,1
ENSG00000115112,1.0142021,-0.45593196,1.0142021,1.0,1
ENSG00000124116,1.0752176,-0.88605666,1.0752176,1.0,1
ENSG00000096070,1.0740381,0.8444772,1.0740381,1.0,1
ENSG00000101266,1.1085864,1.993965,1.1085864,1.0,1
ENSG00000041802,1.0888926,1.6168954,1.0888926,1.0,1
ENSG00000198874,1.0715098,1.2221961,1.0715098,1.0,1
ENSG00000250264,1.084874,-0.4089354,1.084874,1.0,1
ENSG00000204628,1.1360556,3.5796716,1.1360556,1.0,1
ENSG00000119772,1.005561,0.5693739,1.005561,1.0,1
ENSG00000085231,1.1128439,1.9846623,1.1128439,1.0,1
ENSG00000188211,1.0087508,1.2657609,1.0087508,1.0,1
ENSG00000174953,1.0610647,1.852602,1.0610647,1.0,1
ENSG00000163539,1.1173452,1.7298125,1.1173452,1.0,1
ENSG00000162851,1.0859793,1.6788824,1.0859793,1.0,1
ENSG00000204130,1.1033887,1.0232525,1.1033887,1.0,1
ENSG00000182871,1.0329036,0.9375179,1.0329036,1.0,1
ENSG00000169689,1.108518,2.1456003,1.108518,1.0,1
ENSG00000182670,1.1437248,1.6168954,1.1437248,1.0,1
ENSG00000137692,1.0993794,2.011232,1.0993794,1.0,1
ENSG00000164332,1.115261,1.2669369,1.115261,1.0,1
ENSG00000168818,1.0916785,1.2655253,1.0916785,1.0,1
ENSG00000136521,1.1264764,1.9242793,1.1264764,1.0,1
ENSG00000164362,0.99467295,0.24551266,0.99467295,1.0,1
ENSG00000186642,1.0380973,0.8954225,1.0380973,1.0,1
ENSG00000134765,0.9816411,-0.9586073,0.9816411,1.0,1
ENSG00000107821,1.033181,0.6364879,1.033181,1.0,1
ENSG00000168026,1.0924829,-0.10237291,1.0924829,1.0,1
ENSG00000118514,0.95886743,-0.85387194,0.95886743,1.0,1
ENSG00000010030,1.014798,-0.88605666,1.014798,1.0,1
ENSG00000122068,1.0731621,1.6681995,1.0731621,1.0,1
ENSG00000139370,1.0261658,1.2070955,1.0261658,1.0,1
ENSG00000106105,1.1198086,2.6020164,1.1198086,1.0,1
ENSG00000143162,1.0539161,2.3299265,1.0539161,1.0,1
ENSG00000168906,1.1169413,2.8064716,1.1169413,1.0,1
ENSG00000087074,1.0542918,1.5919546,1.0542918,1.0,1
ENSG00000132510,0.9758078,-0.20760831,0.9758078,1.0,1
ENSG00000168502,0.99138546,0.9652017,0.99138546,1.0,1
ENSG00000131711,1.0113838,0.72181064,1.0113838,1.0,1
ENSG00000099795,1.0675528,2.1148777,1.0675528,1.0,1
ENSG00000067836,1.1293433,1.1065309,1.1293433,1.0,1
ENSG00000125148,1.0703268,1.1746413,1.0703268,1.0,1
ENSG00000116852,1.0506836,0.9642596,1.0506836,1.0,1
ENSG00000126010,0.9404308,-0.79588,0.9404308,1.0,1
ENSG00000107954,0.96278083,-0.5850267,0.96278083,1.0,1
ENSG00000244115,1.0076321,0.76192784,1.0076321,1.0,1
ENSG00000180776,1.0615945,1.0707765,1.0615945,1.0,1
ENSG00000105258,1.1409436,1.3558345,1.1409436,1.0,1
ENSG00000179750,1.0321487,1.3467441,1.0321487,1.0,1
ENSG00000130669,1.0725272,0.85733247,1.0725272,1.0,1
ENSG00000138231,1.0175707,0.8785218,1.0175707,1.0,1
ENSG00000140983,1.0976144,2.0492957,1.0976144,1.0,1
ENSG00000102606,1.078089,1.209783,1.078089,0.96676165,1
ENSG00000151229,0.99415386,0.770852,0.99415386,1.0,1
ENSG00000114904,1.0631155,1.1312978,1.0631155,1.0,1
ENSG00000014216,1.1294917,1.892039,1.1294917,1.0,1
ENSG00000100994,1.0575372,0.7979596,1.0575372,1.0,1
ENSG00000162511,1.0386127,2.2565975,1.0386127,1.0,1
ENSG00000151327,1.0573236,1.4149734,1.0573236,1.0,1
ENSG00000117118,1.1226565,2.5982213,1.1226565,1.0,1
ENSG00000160446,1.0852643,1.1928461,1.0852643,1.0,1
ENSG00000213760,1.034741,0.053078443,1.034741,1.0,1
ENSG00000186026,1.0005138,-0.85387194,1.0005138,1.0,1
ENSG00000257727,1.1253988,2.1634,1.1253988,1.0,1
ENSG00000120992,1.1142972,2.2266772,1.1142972,1.0,1
ENSG00000101298,1.0047388,0.041392684,1.0047388,1.0,1
ENSG00000006638,1.0257787,0.4756712,1.0257787,1.0,1
ENSG00000127948,1.0853714,1.5260807,1.0853714,1.0,1
ENSG00000108523,1.1214901,1.5856863,1.1214901,1.0,1
ENSG00000154845,1.0753807,2.0187838,1.0753807,1.0,1
ENSG00000164953,1.0243193,0.7242759,1.0243193,1.0,1
ENSG00000104856,1.0755606,-0.49485,1.0755606,1.0,1
ENSG00000121039,1.0698305,1.6543691,1.0698305,1.0,1
ENSG00000130827,1.0565113,1.2307043,1.0565113,1.0,1
ENSG00000143772,0.97402966,-0.9586073,0.97402966,1.0,1
ENSG00000189007,1.0905293,1.6336704,1.0905293,1.0,1
ENSG00000101745,1.0299367,0.95085144,1.0299367,1.0,1
ENSG00000172661,1.0137855,1.1841234,1.0137855,1.0,1
ENSG00000172361,0.974391,0.1818436,0.974391,1.0,1
ENSG00000173545,1.042449,1.1925675,1.042449,1.0,1
ENSG00000204560,1.0789396,1.590619,1.0789396,1.0,1
ENSG00000182134,1.0915655,1.1812718,1.0915655,1.0,1
ENSG00000038427,0.9239172,-0.7695511,0.9239172,1.0,1
ENSG00000048342,1.0129603,-0.56863624,1.0129603,1.0,1
ENSG00000100220,1.0492649,2.022717,1.0492649,1.0,1
ENSG00000078401,0.99406445,-0.92081875,0.99406445,1.0,1
ENSG00000171992,0.95418936,-0.92081875,0.95418936,1.0,1
ENSG00000166199,1.0625552,1.3346548,1.0625552,1.0,1
ENSG00000078070,1.105262,1.2619762,1.105262,1.0,1
ENSG00000122545,1.106733,2.1290774,1.106733,1.0,1
ENSG00000154309,0.96146506,-0.9586073,0.96146506,1.0,1
ENSG00000152804,1.0271484,1.7580788,1.0271484,1.0,1
ENSG00000120438,1.1136198,2.3746018,1.1136198,1.0,1
ENSG00000243696,1.0374438,-0.82390875,1.0374438,1.0,1
ENSG00000143761,1.0938202,2.579852,1.0938202,1.0,1
ENSG00000121774,1.1075493,1.6328621,1.1075493,1.0,1
ENSG00000136709,1.0801477,1.6395861,1.0801477,1.0,1
ENSG00000124380,1.0770549,1.6141587,1.0770549,1.0,1
ENSG00000072110,1.0962087,1.5101427,1.0962087,1.0,1
ENSG00000115091,1.1064829,2.369976,1.1064829,1.0,1
ENSG00000112874,1.0322124,1.267641,1.0322124,1.0,1
ENSG00000179409,1.021367,1.1351327,1.021367,1.0,1
ENSG00000114744,1.0171757,1.6238693,1.0171757,1.0,1
ENSG00000072518,1.1095421,1.0937718,1.1095421,1.0,1
ENSG00000143970,1.0569035,1.1061909,1.0569035,1.0,1
ENSG00000156587,1.0280465,0.6608655,1.0280465,1.0,1
ENSG00000140795,0.99674726,0.5289167,0.99674726,1.0,1
ENSG00000159208,0.9872583,-0.61978877,0.9872583,1.0,1
ENSG00000196646,1.0272361,0.4756712,1.0272361,1.0,1
ENSG00000197601,1.0553392,1.8058405,1.0553392,1.0,1
ENSG00000130479,1.0032886,0.9863238,1.0032886,1.0,1
ENSG00000157992,1.013341,0.1271048,1.013341,1.0,1
ENSG00000188290,1.0761056,0.8095597,1.0761056,1.0,1
ENSG00000115942,1.1029142,1.1283993,1.1029142,1.0,1
ENSG00000158286,1.0797199,1.0549959,1.0797199,1.0,1
ENSG00000118162,1.1241711,0.9068735,1.1241711,1.0,1
ENSG00000100014,1.0481646,1.069668,1.0481646,1.0,1
ENSG00000058668,1.0913705,1.4884096,1.0913705,1.0,1
ENSG00000095261,1.0975744,2.0013442,1.0975744,1.0,1
ENSG00000153201,1.028637,1.3047059,1.028637,1.0,1
ENSG00000143190,1.0767114,1.0433623,1.0767114,1.0,1
ENSG00000165943,1.0269095,0.9934362,1.0269095,1.0,1
ENSG00000130300,0.9949778,-0.17392519,0.9949778,1.0,1
ENSG00000171502,0.9882426,-0.88605666,0.9882426,1.0,1
ENSG00000178127,1.1645755,2.567344,1.1645755,1.0,1
ENSG00000102974,1.0743223,1.3344537,1.0743223,1.0,1
ENSG00000142733,1.1340412,0.85248,1.1340412,1.0,1
ENSG00000021574,1.111466,1.024075,1.111466,1.0,1
ENSG00000104228,1.0656965,0.78675145,1.0656965,1.0,1
ENSG00000103740,0.98707265,0.12385164,0.98707265,1.0,1
ENSG00000101004,0.97057587,-0.88605666,0.97057587,1.0,1
ENSG00000004779,1.0809935,2.3464704,1.0809935,1.0,1
ENSG00000106948,0.98824143,0.2966652,0.98824143,1.0,1
ENSG00000064652,1.0680648,0.5899496,1.0680648,1.0,1
ENSG00000196705,1.0088555,1.357363,1.0088555,1.0,1
ENSG00000164252,1.0592856,1.1649474,1.0592856,1.0,1
ENSG00000162461,0.99092984,-0.48148605,0.99092984,1.0,1
ENSG00000178934,1.0139273,-0.88605666,1.0139273,1.0,1
ENSG00000101347,1.0935786,1.0326188,1.0935786,1.0,1
ENSG00000137509,1.0488315,1.5153439,1.0488315,1.0,1
ENSG00000187997,1.0565711,1.1034616,1.0565711,1.0,1
ENSG00000108469,1.0905389,1.1583625,1.0905389,1.0,1
ENSG00000093183,1.0859991,1.6953065,1.0859991,1.0,1
ENSG00000104388,1.1080018,1.8533331,1.1080018,1.0,1
ENSG00000146587,1.0347829,0.9106244,1.0347829,1.0,1
ENSG00000091542,1.0354019,1.6127839,1.0354019,1.0,1
ENSG00000198522,1.0749054,1.8420473,1.0749054,1.0,1
ENSG00000160326,1.0169431,-0.65757734,1.0169431,1.0,1
ENSG00000167850,0.9884683,-0.92081875,0.9884683,1.0,1
ENSG00000066294,1.0594176,0.5831988,1.0594176,1.0,1
ENSG00000163568,1.038407,-0.7695511,1.038407,1.0,1
ENSG00000147419,1.0712453,1.2365372,1.0712453,1.0,1
ENSG00000170946,1.0360004,1.2477279,1.0360004,1.0,1
ENSG00000136235,0.9867516,-0.60206,0.9867516,1.0,1
ENSG00000102003,1.0547065,0.5658478,1.0547065,1.0,1
ENSG00000183426,0.95116085,1.4483972,0.95116085,1.0,1
ENSG00000085185,1.0329802,0.075546965,1.0329802,1.0,1
ENSG00000198793,1.1080599,1.6205524,1.1080599,1.0,1
ENSG00000114770,1.1046549,1.4752352,1.1046549,1.0,1
ENSG00000148832,1.0135273,0.5340261,1.0135273,0.0,1
ENSG00000131669,1.0350751,0.55145,1.0350751,1.0,1
ENSG00000197226,1.0146343,1.4976207,1.0146343,1.0,1
ENSG00000071537,1.0507548,0.8122447,1.0507548,1.0,1
ENSG00000139291,1.0691613,1.1619666,1.0691613,1.0,1
ENSG00000090054,1.0887747,1.8347385,1.0887747,1.0,1
ENSG00000104312,1.0789033,1.2469907,1.0789033,1.0,1
ENSG00000111012,1.0120645,0.5820634,1.0120645,1.0,1
ENSG00000163950,1.1243423,2.0828571,1.1243423,1.0,1
ENSG00000177303,1.0640072,0.23552845,1.0640072,1.0,1
ENSG00000141337,1.0625073,-0.036212172,1.0625073,1.0,1
ENSG00000141452,1.1250657,1.361539,1.1250657,1.0,1
ENSG00000166133,1.0235113,0.98677176,1.0235113,1.0,1
ENSG00000213853,1.0317894,0.67486113,1.0317894,1.0,1
ENSG00000100084,1.1260891,1.7835463,1.1260891,1.0,1
ENSG00000078246,1.0878145,0.98587537,1.0878145,1.0,1
ENSG00000196455,1.040389,1.542701,1.040389,1.0,1
ENSG00000100722,1.0413401,1.9305925,1.0413401,1.0,1
ENSG00000213967,1.0140132,1.0530784,1.0140132,1.0,1
ENSG00000175697,0.96323466,-0.79588,0.96323466,1.0,1
ENSG00000088836,0.996233,-0.2596373,0.996233,1.0,1
ENSG00000132793,1.0627309,0.8350561,1.0627309,1.0,1
ENSG00000136143,1.0318173,1.4536241,1.0318173,1.0,1
ENSG00000110851,1.0317366,1.1945144,1.0317366,1.0,1
ENSG00000078596,1.0227102,1.8047526,1.0227102,1.0,1
ENSG00000114859,1.0625917,0.8337844,1.0625917,1.0,1
ENSG00000078369,1.1002326,2.3312044,1.1002326,1.0,1
ENSG00000189050,1.0786543,1.3891661,1.0786543,1.0,1
ENSG00000070759,1.0371082,0.29003462,1.0371082,1.0,1
ENSG00000079950,1.0894114,1.4034637,1.0894114,1.0,1
ENSG00000151353,1.1321076,1.2979792,1.1321076,1.0,1
ENSG00000113758,1.0510231,1.4886917,1.0510231,1.0,1
ENSG00000188215,1.0442208,0.3783979,1.0442208,1.0,1
ENSG00000132357,1.0181088,0.6414741,1.0181088,1.0,1
ENSG00000172831,1.0847415,1.0546131,1.0847415,1.0,1
ENSG00000197969,1.0393054,1.1726029,1.0393054,1.0,1
ENSG00000153786,1.0933071,1.4949889,1.0933071,1.0,1
ENSG00000104731,1.0685135,1.2935835,1.0685135,1.0,1
ENSG00000171163,1.1257867,1.9259821,1.1257867,1.0,1
ENSG00000173812,1.1693257,2.3517964,1.1693257,1.0,1
ENSG00000109762,1.0737549,1.2509077,1.0737549,1.0,1
ENSG00000100211,1.1158576,1.1492192,1.1158576,1.0,1
ENSG00000108395,1.0940071,1.3508292,1.0940071,1.0,1
ENSG00000151151,1.0309316,0.26717174,1.0309316,1.0,1
ENSG00000103852,0.9955526,0.056904852,0.9955526,1.0,1
ENSG00000101189,1.1000584,1.193681,1.1000584,1.0,1
ENSG00000076108,1.0432376,1.8205298,1.0432376,1.0,1
ENSG00000112561,1.0149376,0.41664052,1.0149376,1.0,1
ENSG00000155621,1.0290517,0.845718,1.0290517,1.0,1
ENSG00000163577,1.079903,1.0595634,1.079903,1.0,1
ENSG00000182318,1.0410644,0.6273658,1.0410644,1.0,1
ENSG00000214160,1.0946938,1.8798983,1.0946938,1.0,1
ENSG00000149761,1.0706464,1.5317343,1.0706464,1.0,1
ENSG00000188549,0.99737024,-0.88605666,0.99737024,1.0,1
ENSG00000163444,1.0987016,2.1554272,1.0987016,1.0,1
ENSG00000174099,0.9870798,-0.92081875,0.9870798,1.0,1
ENSG00000025800,1.1011811,1.4874212,1.1011811,1.0,1
ENSG00000203778,1.0450991,1.0472748,1.0450991,1.0,1
ENSG00000171530,1.0734496,2.0499156,1.0734496,1.0,1
ENSG00000198156,0.98639977,-0.65757734,0.98639977,1.0,1
ENSG00000165555,0.96908385,-0.14874165,0.96908385,1.0,1
ENSG00000100228,1.1374172,-0.92081875,1.1374172,1.0,1
ENSG00000149257,1.0633346,1.8301394,1.0633346,1.0,1
ENSG00000166716,1.0202868,0.8518696,1.0202868,1.0,1
ENSG00000106397,1.1412747,1.3176455,1.1412747,1.0,1
ENSG00000134769,0.97417784,0.045322977,0.97417784,1.0,1
ENSG00000064989,0.9985018,-0.92081875,0.9985018,1.0,1
